fase,experimento,parametros,metrica,valor,fuente
6,sample_50,"{ ""config"": { ""k_denso"": 100, ""k_lexico"": 100, ""k_area"": 200, ""k_fusion"": 50, ""top_final"": 10, ""area_modo"": ""ninguno"", ""min_en_area"": 20, ""directos"": true, ""n_directos"": 4, ""alias"": true, ""reranker"": true, ""extra_por_opcion"": 2, ""garantizar_opciones"": true, ""max_por_norma"": 2, ""sin_copias"": true, ""max_sentencias"": 5, ""lote_reranker"": 16, ""max_tokens_reranker"": 512 }, ""sha256_chunks"": ""3d3b4660fb347ef49887dcbcd4750c634cad825a68bb7b75c3a2c885917445f8"", ""n_chunks"": 60329, ""encoder"": ""BAAI/bge-m3"", ""encoder_revision"": ""5617a9f61b028005a4858fdac845db406aefb181"", ""reranker"": ""BAAI/bge-reranker-v2-m3"", ""reranker_commit"": ""953dc6f6f85a1b2dbfca4c34a2796e7dde08d41e"" }",n,40,data/recuperacion/ablaciones.json
6,sample_50,"{ ""config"": { ""k_denso"": 100, ""k_lexico"": 100, ""k_area"": 200, ""k_fusion"": 50, ""top_final"": 10, ""area_modo"": ""ninguno"", ""min_en_area"": 20, ""directos"": true, ""n_directos"": 4, ""alias"": true, ""reranker"": true, ""extra_por_opcion"": 2, ""garantizar_opciones"": true, ""max_por_norma"": 2, ""sin_copias"": true, ""max_sentencias"": 5, ""lote_reranker"": 16, ""max_tokens_reranker"": 512 }, ""sha256_chunks"": ""3d3b4660fb347ef49887dcbcd4750c634cad825a68bb7b75c3a2c885917445f8"", ""n_chunks"": 60329, ""encoder"": ""BAAI/bge-m3"", ""encoder_revision"": ""5617a9f61b028005a4858fdac845db406aefb181"", ""reranker"": ""BAAI/bge-reranker-v2-m3"", ""reranker_commit"": ""953dc6f6f85a1b2dbfca4c34a2796e7dde08d41e"" }",cobertura_cuerpo@10,0.9625,data/recuperacion/ablaciones.json
6,sample_50,"{ ""config"": { ""k_denso"": 100, ""k_lexico"": 100, ""k_area"": 200, ""k_fusion"": 50, ""top_final"": 10, ""area_modo"": ""ninguno"", ""min_en_area"": 20, ""directos"": true, ""n_directos"": 4, ""alias"": true, ""reranker"": true, ""extra_por_opcion"": 2, ""garantizar_opciones"": true, ""max_por_norma"": 2, ""sin_copias"": true, ""max_sentencias"": 5, ""lote_reranker"": 16, ""max_tokens_reranker"": 512 }, ""sha256_chunks"": ""3d3b4660fb347ef49887dcbcd4750c634cad825a68bb7b75c3a2c885917445f8"", ""n_chunks"": 60329, ""encoder"": ""BAAI/bge-m3"", ""encoder_revision"": ""5617a9f61b028005a4858fdac845db406aefb181"", ""reranker"": ""BAAI/bge-reranker-v2-m3"", ""reranker_commit"": ""953dc6f6f85a1b2dbfca4c34a2796e7dde08d41e"" }",cobertura_articulo@10,0.5982,data/recuperacion/ablaciones.json
6,sample_50,"{ ""config"": { ""k_denso"": 100, ""k_lexico"": 100, ""k_area"": 200, ""k_fusion"": 50, ""top_final"": 10, ""area_modo"": ""ninguno"", ""min_en_area"": 20, ""directos"": true, ""n_directos"": 4, ""alias"": true, ""reranker"": true, ""extra_por_opcion"": 2, ""garantizar_opciones"": true, ""max_por_norma"": 2, ""sin_copias"": true, ""max_sentencias"": 5, ""lote_reranker"": 16, ""max_tokens_reranker"": 512 }, ""sha256_chunks"": ""3d3b4660fb347ef49887dcbcd4750c634cad825a68bb7b75c3a2c885917445f8"", ""n_chunks"": 60329, ""encoder"": ""BAAI/bge-m3"", ""encoder_revision"": ""5617a9f61b028005a4858fdac845db406aefb181"", ""reranker"": ""BAAI/bge-reranker-v2-m3"", ""reranker_commit"": ""953dc6f6f85a1b2dbfca4c34a2796e7dde08d41e"" }",hit_doc@10,0.9,data/recuperacion/ablaciones.json
6,sample_50,"{ ""config"": { ""k_denso"": 100, ""k_lexico"": 100, ""k_area"": 200, ""k_fusion"": 50, ""top_final"": 10, ""area_modo"": ""ninguno"", ""min_en_area"": 20, ""directos"": true, ""n_directos"": 4, ""alias"": true, ""reranker"": true, ""extra_por_opcion"": 2, ""garantizar_opciones"": true, ""max_por_norma"": 2, ""sin_copias"": true, ""max_sentencias"": 5, ""lote_reranker"": 16, ""max_tokens_reranker"": 512 }, ""sha256_chunks"": ""3d3b4660fb347ef49887dcbcd4750c634cad825a68bb7b75c3a2c885917445f8"", ""n_chunks"": 60329, ""encoder"": ""BAAI/bge-m3"", ""encoder_revision"": ""5617a9f61b028005a4858fdac845db406aefb181"", ""reranker"": ""BAAI/bge-reranker-v2-m3"", ""reranker_commit"": ""953dc6f6f85a1b2dbfca4c34a2796e7dde08d41e"" }",normas_distintas@10,8.05,data/recuperacion/ablaciones.json
6,sample_50,"{ ""config"": { ""k_denso"": 100, ""k_lexico"": 100, ""k_area"": 200, ""k_fusion"": 50, ""top_final"": 10, ""area_modo"": ""ninguno"", ""min_en_area"": 20, ""directos"": true, ""n_directos"": 4, ""alias"": true, ""reranker"": true, ""extra_por_opcion"": 2, ""garantizar_opciones"": true, ""max_por_norma"": 2, ""sin_copias"": true, ""max_sentencias"": 5, ""lote_reranker"": 16, ""max_tokens_reranker"": 512 }, ""sha256_chunks"": ""3d3b4660fb347ef49887dcbcd4750c634cad825a68bb7b75c3a2c885917445f8"", ""n_chunks"": 60329, ""encoder"": ""BAAI/bge-m3"", ""encoder_revision"": ""5617a9f61b028005a4858fdac845db406aefb181"", ""reranker"": ""BAAI/bge-reranker-v2-m3"", ""reranker_commit"": ""953dc6f6f85a1b2dbfca4c34a2796e7dde08d41e"" }",cobertura_opciones@8,0.9167,data/recuperacion/ablaciones.json
6,sample_50,"{ ""config"": { ""k_denso"": 100, ""k_lexico"": 100, ""k_area"": 200, ""k_fusion"": 50, ""top_final"": 10, ""area_modo"": ""ninguno"", ""min_en_area"": 20, ""directos"": true, ""n_directos"": 4, ""alias"": true, ""reranker"": true, ""extra_por_opcion"": 2, ""garantizar_opciones"": true, ""max_por_norma"": 2, ""sin_copias"": true, ""max_sentencias"": 5, ""lote_reranker"": 16, ""max_tokens_reranker"": 512 }, ""sha256_chunks"": ""3d3b4660fb347ef49887dcbcd4750c634cad825a68bb7b75c3a2c885917445f8"", ""n_chunks"": 60329, ""encoder"": ""BAAI/bge-m3"", ""encoder_revision"": ""5617a9f61b028005a4858fdac845db406aefb181"", ""reranker"": ""BAAI/bge-reranker-v2-m3"", ""reranker_commit"": ""953dc6f6f85a1b2dbfca4c34a2796e7dde08d41e"" }",copias@10,0.025,data/recuperacion/ablaciones.json
6,sample_50,"{ ""config"": { ""k_denso"": 100, ""k_lexico"": 100, ""k_area"": 200, ""k_fusion"": 50, ""top_final"": 10, ""area_modo"": ""ninguno"", ""min_en_area"": 20, ""directos"": true, ""n_directos"": 4, ""alias"": true, ""reranker"": true, ""extra_por_opcion"": 2, ""garantizar_opciones"": true, ""max_por_norma"": 2, ""sin_copias"": true, ""max_sentencias"": 5, ""lote_reranker"": 16, ""max_tokens_reranker"": 512 }, ""sha256_chunks"": ""3d3b4660fb347ef49887dcbcd4750c634cad825a68bb7b75c3a2c885917445f8"", ""n_chunks"": 60329, ""encoder"": ""BAAI/bge-m3"", ""encoder_revision"": ""5617a9f61b028005a4858fdac845db406aefb181"", ""reranker"": ""BAAI/bge-reranker-v2-m3"", ""reranker_commit"": ""953dc6f6f85a1b2dbfca4c34a2796e7dde08d41e"" }",sentencias@8,3.55,data/recuperacion/ablaciones.json
6,sample_50,"{ ""config"": { ""k_denso"": 100, ""k_lexico"": 100, ""k_area"": 200, ""k_fusion"": 50, ""top_final"": 10, ""area_modo"": ""ninguno"", ""min_en_area"": 20, ""directos"": true, ""n_directos"": 4, ""alias"": true, ""reranker"": true, ""extra_por_opcion"": 2, ""garantizar_opciones"": true, ""max_por_norma"": 2, ""sin_copias"": true, ""max_sentencias"": 5, ""lote_reranker"": 16, ""max_tokens_reranker"": 512 }, ""sha256_chunks"": ""3d3b4660fb347ef49887dcbcd4750c634cad825a68bb7b75c3a2c885917445f8"", ""n_chunks"": 60329, ""encoder"": ""BAAI/bge-m3"", ""encoder_revision"": ""5617a9f61b028005a4858fdac845db406aefb181"", ""reranker"": ""BAAI/bge-reranker-v2-m3"", ""reranker_commit"": ""953dc6f6f85a1b2dbfca4c34a2796e7dde08d41e"" }",s_por_item,0.4531,data/recuperacion/ablaciones.json
6,sample_50_sin_reranker,"{ ""config"": { ""k_denso"": 100, ""k_lexico"": 100, ""k_area"": 200, ""k_fusion"": 50, ""top_final"": 10, ""area_modo"": ""ninguno"", ""min_en_area"": 20, ""directos"": true, ""n_directos"": 4, ""alias"": true, ""reranker"": false, ""extra_por_opcion"": 2, ""garantizar_opciones"": true, ""max_por_norma"": 2, ""sin_copias"": true, ""max_sentencias"": 5, ""lote_reranker"": 16, ""max_tokens_reranker"": 512 }, ""sha256_chunks"": ""3d3b4660fb347ef49887dcbcd4750c634cad825a68bb7b75c3a2c885917445f8"", ""n_chunks"": 60329, ""encoder"": ""BAAI/bge-m3"", ""encoder_revision"": ""5617a9f61b028005a4858fdac845db406aefb181"", ""reranker"": null, ""reranker_commit"": null }",n,40,data/recuperacion/ablaciones.json
6,sample_50_sin_reranker,"{ ""config"": { ""k_denso"": 100, ""k_lexico"": 100, ""k_area"": 200, ""k_fusion"": 50, ""top_final"": 10, ""area_modo"": ""ninguno"", ""min_en_area"": 20, ""directos"": true, ""n_directos"": 4, ""alias"": true, ""reranker"": false, ""extra_por_opcion"": 2, ""garantizar_opciones"": true, ""max_por_norma"": 2, ""sin_copias"": true, ""max_sentencias"": 5, ""lote_reranker"": 16, ""max_tokens_reranker"": 512 }, ""sha256_chunks"": ""3d3b4660fb347ef49887dcbcd4750c634cad825a68bb7b75c3a2c885917445f8"", ""n_chunks"": 60329, ""encoder"": ""BAAI/bge-m3"", ""encoder_revision"": ""5617a9f61b028005a4858fdac845db406aefb181"", ""reranker"": null, ""reranker_commit"": null }",cobertura_cuerpo@10,0.95,data/recuperacion/ablaciones.json
6,sample_50_sin_reranker,"{ ""config"": { ""k_denso"": 100, ""k_lexico"": 100, ""k_area"": 200, ""k_fusion"": 50, ""top_final"": 10, ""area_modo"": ""ninguno"", ""min_en_area"": 20, ""directos"": true, ""n_directos"": 4, ""alias"": true, ""reranker"": false, ""extra_por_opcion"": 2, ""garantizar_opciones"": true, ""max_por_norma"": 2, ""sin_copias"": true, ""max_sentencias"": 5, ""lote_reranker"": 16, ""max_tokens_reranker"": 512 }, ""sha256_chunks"": ""3d3b4660fb347ef49887dcbcd4750c634cad825a68bb7b75c3a2c885917445f8"", ""n_chunks"": 60329, ""encoder"": ""BAAI/bge-m3"", ""encoder_revision"": ""5617a9f61b028005a4858fdac845db406aefb181"", ""reranker"": null, ""reranker_commit"": null }",cobertura_articulo@10,0.5351,data/recuperacion/ablaciones.json
6,sample_50_sin_reranker,"{ ""config"": { ""k_denso"": 100, ""k_lexico"": 100, ""k_area"": 200, ""k_fusion"": 50, ""top_final"": 10, ""area_modo"": ""ninguno"", ""min_en_area"": 20, ""directos"": true, ""n_directos"": 4, ""alias"": true, ""reranker"": false, ""extra_por_opcion"": 2, ""garantizar_opciones"": true, ""max_por_norma"": 2, ""sin_copias"": true, ""max_sentencias"": 5, ""lote_reranker"": 16, ""max_tokens_reranker"": 512 }, ""sha256_chunks"": ""3d3b4660fb347ef49887dcbcd4750c634cad825a68bb7b75c3a2c885917445f8"", ""n_chunks"": 60329, ""encoder"": ""BAAI/bge-m3"", ""encoder_revision"": ""5617a9f61b028005a4858fdac845db406aefb181"", ""reranker"": null, ""reranker_commit"": null }",hit_doc@10,0.875,data/recuperacion/ablaciones.json
6,sample_50_sin_reranker,"{ ""config"": { ""k_denso"": 100, ""k_lexico"": 100, ""k_area"": 200, ""k_fusion"": 50, ""top_final"": 10, ""area_modo"": ""ninguno"", ""min_en_area"": 20, ""directos"": true, ""n_directos"": 4, ""alias"": true, ""reranker"": false, ""extra_por_opcion"": 2, ""garantizar_opciones"": true, ""max_por_norma"": 2, ""sin_copias"": true, ""max_sentencias"": 5, ""lote_reranker"": 16, ""max_tokens_reranker"": 512 }, ""sha256_chunks"": ""3d3b4660fb347ef49887dcbcd4750c634cad825a68bb7b75c3a2c885917445f8"", ""n_chunks"": 60329, ""encoder"": ""BAAI/bge-m3"", ""encoder_revision"": ""5617a9f61b028005a4858fdac845db406aefb181"", ""reranker"": null, ""reranker_commit"": null }",normas_distintas@10,8.175,data/recuperacion/ablaciones.json
6,sample_50_sin_reranker,"{ ""config"": { ""k_denso"": 100, ""k_lexico"": 100, ""k_area"": 200, ""k_fusion"": 50, ""top_final"": 10, ""area_modo"": ""ninguno"", ""min_en_area"": 20, ""directos"": true, ""n_directos"": 4, ""alias"": true, ""reranker"": false, ""extra_por_opcion"": 2, ""garantizar_opciones"": true, ""max_por_norma"": 2, ""sin_copias"": true, ""max_sentencias"": 5, ""lote_reranker"": 16, ""max_tokens_reranker"": 512 }, ""sha256_chunks"": ""3d3b4660fb347ef49887dcbcd4750c634cad825a68bb7b75c3a2c885917445f8"", ""n_chunks"": 60329, ""encoder"": ""BAAI/bge-m3"", ""encoder_revision"": ""5617a9f61b028005a4858fdac845db406aefb181"", ""reranker"": null, ""reranker_commit"": null }",cobertura_opciones@8,0.9167,data/recuperacion/ablaciones.json
6,sample_50_sin_reranker,"{ ""config"": { ""k_denso"": 100, ""k_lexico"": 100, ""k_area"": 200, ""k_fusion"": 50, ""top_final"": 10, ""area_modo"": ""ninguno"", ""min_en_area"": 20, ""directos"": true, ""n_directos"": 4, ""alias"": true, ""reranker"": false, ""extra_por_opcion"": 2, ""garantizar_opciones"": true, ""max_por_norma"": 2, ""sin_copias"": true, ""max_sentencias"": 5, ""lote_reranker"": 16, ""max_tokens_reranker"": 512 }, ""sha256_chunks"": ""3d3b4660fb347ef49887dcbcd4750c634cad825a68bb7b75c3a2c885917445f8"", ""n_chunks"": 60329, ""encoder"": ""BAAI/bge-m3"", ""encoder_revision"": ""5617a9f61b028005a4858fdac845db406aefb181"", ""reranker"": null, ""reranker_commit"": null }",copias@10,0.025,data/recuperacion/ablaciones.json
6,sample_50_sin_reranker,"{ ""config"": { ""k_denso"": 100, ""k_lexico"": 100, ""k_area"": 200, ""k_fusion"": 50, ""top_final"": 10, ""area_modo"": ""ninguno"", ""min_en_area"": 20, ""directos"": true, ""n_directos"": 4, ""alias"": true, ""reranker"": false, ""extra_por_opcion"": 2, ""garantizar_opciones"": true, ""max_por_norma"": 2, ""sin_copias"": true, ""max_sentencias"": 5, ""lote_reranker"": 16, ""max_tokens_reranker"": 512 }, ""sha256_chunks"": ""3d3b4660fb347ef49887dcbcd4750c634cad825a68bb7b75c3a2c885917445f8"", ""n_chunks"": 60329, ""encoder"": ""BAAI/bge-m3"", ""encoder_revision"": ""5617a9f61b028005a4858fdac845db406aefb181"", ""reranker"": null, ""reranker_commit"": null }",sentencias@8,3.175,data/recuperacion/ablaciones.json
6,sample_50_sin_reranker,"{ ""config"": { ""k_denso"": 100, ""k_lexico"": 100, ""k_area"": 200, ""k_fusion"": 50, ""top_final"": 10, ""area_modo"": ""ninguno"", ""min_en_area"": 20, ""directos"": true, ""n_directos"": 4, ""alias"": true, ""reranker"": false, ""extra_por_opcion"": 2, ""garantizar_opciones"": true, ""max_por_norma"": 2, ""sin_copias"": true, ""max_sentencias"": 5, ""lote_reranker"": 16, ""max_tokens_reranker"": 512 }, ""sha256_chunks"": ""3d3b4660fb347ef49887dcbcd4750c634cad825a68bb7b75c3a2c885917445f8"", ""n_chunks"": 60329, ""encoder"": ""BAAI/bge-m3"", ""encoder_revision"": ""5617a9f61b028005a4858fdac845db406aefb181"", ""reranker"": null, ""reranker_commit"": null }",s_por_item,0.0723,data/recuperacion/ablaciones.json
6,sample_50_sin_directos,"{ ""config"": { ""k_denso"": 100, ""k_lexico"": 100, ""k_area"": 200, ""k_fusion"": 50, ""top_final"": 10, ""area_modo"": ""ninguno"", ""min_en_area"": 20, ""directos"": false, ""n_directos"": 4, ""alias"": true, ""reranker"": true, ""extra_por_opcion"": 2, ""garantizar_opciones"": true, ""max_por_norma"": 2, ""sin_copias"": true, ""max_sentencias"": 5, ""lote_reranker"": 16, ""max_tokens_reranker"": 512 }, ""sha256_chunks"": ""3d3b4660fb347ef49887dcbcd4750c634cad825a68bb7b75c3a2c885917445f8"", ""n_chunks"": 60329, ""encoder"": ""BAAI/bge-m3"", ""encoder_revision"": ""5617a9f61b028005a4858fdac845db406aefb181"", ""reranker"": ""BAAI/bge-reranker-v2-m3"", ""reranker_commit"": ""953dc6f6f85a1b2dbfca4c34a2796e7dde08d41e"" }",n,40,data/recuperacion/ablaciones.json
6,sample_50_sin_directos,"{ ""config"": { ""k_denso"": 100, ""k_lexico"": 100, ""k_area"": 200, ""k_fusion"": 50, ""top_final"": 10, ""area_modo"": ""ninguno"", ""min_en_area"": 20, ""directos"": false, ""n_directos"": 4, ""alias"": true, ""reranker"": true, ""extra_por_opcion"": 2, ""garantizar_opciones"": true, ""max_por_norma"": 2, ""sin_copias"": true, ""max_sentencias"": 5, ""lote_reranker"": 16, ""max_tokens_reranker"": 512 }, ""sha256_chunks"": ""3d3b4660fb347ef49887dcbcd4750c634cad825a68bb7b75c3a2c885917445f8"", ""n_chunks"": 60329, ""encoder"": ""BAAI/bge-m3"", ""encoder_revision"": ""5617a9f61b028005a4858fdac845db406aefb181"", ""reranker"": ""BAAI/bge-reranker-v2-m3"", ""reranker_commit"": ""953dc6f6f85a1b2dbfca4c34a2796e7dde08d41e"" }",cobertura_cuerpo@10,0.9625,data/recuperacion/ablaciones.json
6,sample_50_sin_directos,"{ ""config"": { ""k_denso"": 100, ""k_lexico"": 100, ""k_area"": 200, ""k_fusion"": 50, ""top_final"": 10, ""area_modo"": ""ninguno"", ""min_en_area"": 20, ""directos"": false, ""n_directos"": 4, ""alias"": true, ""reranker"": true, ""extra_por_opcion"": 2, ""garantizar_opciones"": true, ""max_por_norma"": 2, ""sin_copias"": true, ""max_sentencias"": 5, ""lote_reranker"": 16, ""max_tokens_reranker"": 512 }, ""sha256_chunks"": ""3d3b4660fb347ef49887dcbcd4750c634cad825a68bb7b75c3a2c885917445f8"", ""n_chunks"": 60329, ""encoder"": ""BAAI/bge-m3"", ""encoder_revision"": ""5617a9f61b028005a4858fdac845db406aefb181"", ""reranker"": ""BAAI/bge-reranker-v2-m3"", ""reranker_commit"": ""953dc6f6f85a1b2dbfca4c34a2796e7dde08d41e"" }",cobertura_articulo@10,0.5982,data/recuperacion/ablaciones.json
6,sample_50_sin_directos,"{ ""config"": { ""k_denso"": 100, ""k_lexico"": 100, ""k_area"": 200, ""k_fusion"": 50, ""top_final"": 10, ""area_modo"": ""ninguno"", ""min_en_area"": 20, ""directos"": false, ""n_directos"": 4, ""alias"": true, ""reranker"": true, ""extra_por_opcion"": 2, ""garantizar_opciones"": true, ""max_por_norma"": 2, ""sin_copias"": true, ""max_sentencias"": 5, ""lote_reranker"": 16, ""max_tokens_reranker"": 512 }, ""sha256_chunks"": ""3d3b4660fb347ef49887dcbcd4750c634cad825a68bb7b75c3a2c885917445f8"", ""n_chunks"": 60329, ""encoder"": ""BAAI/bge-m3"", ""encoder_revision"": ""5617a9f61b028005a4858fdac845db406aefb181"", ""reranker"": ""BAAI/bge-reranker-v2-m3"", ""reranker_commit"": ""953dc6f6f85a1b2dbfca4c34a2796e7dde08d41e"" }",hit_doc@10,0.9,data/recuperacion/ablaciones.json
6,sample_50_sin_directos,"{ ""config"": { ""k_denso"": 100, ""k_lexico"": 100, ""k_area"": 200, ""k_fusion"": 50, ""top_final"": 10, ""area_modo"": ""ninguno"", ""min_en_area"": 20, ""directos"": false, ""n_directos"": 4, ""alias"": true, ""reranker"": true, ""extra_por_opcion"": 2, ""garantizar_opciones"": true, ""max_por_norma"": 2, ""sin_copias"": true, ""max_sentencias"": 5, ""lote_reranker"": 16, ""max_tokens_reranker"": 512 }, ""sha256_chunks"": ""3d3b4660fb347ef49887dcbcd4750c634cad825a68bb7b75c3a2c885917445f8"", ""n_chunks"": 60329, ""encoder"": ""BAAI/bge-m3"", ""encoder_revision"": ""5617a9f61b028005a4858fdac845db406aefb181"", ""reranker"": ""BAAI/bge-reranker-v2-m3"", ""reranker_commit"": ""953dc6f6f85a1b2dbfca4c34a2796e7dde08d41e"" }",normas_distintas@10,8.125,data/recuperacion/ablaciones.json
6,sample_50_sin_directos,"{ ""config"": { ""k_denso"": 100, ""k_lexico"": 100, ""k_area"": 200, ""k_fusion"": 50, ""top_final"": 10, ""area_modo"": ""ninguno"", ""min_en_area"": 20, ""directos"": false, ""n_directos"": 4, ""alias"": true, ""reranker"": true, ""extra_por_opcion"": 2, ""garantizar_opciones"": true, ""max_por_norma"": 2, ""sin_copias"": true, ""max_sentencias"": 5, ""lote_reranker"": 16, ""max_tokens_reranker"": 512 }, ""sha256_chunks"": ""3d3b4660fb347ef49887dcbcd4750c634cad825a68bb7b75c3a2c885917445f8"", ""n_chunks"": 60329, ""encoder"": ""BAAI/bge-m3"", ""encoder_revision"": ""5617a9f61b028005a4858fdac845db406aefb181"", ""reranker"": ""BAAI/bge-reranker-v2-m3"", ""reranker_commit"": ""953dc6f6f85a1b2dbfca4c34a2796e7dde08d41e"" }",cobertura_opciones@8,0.9167,data/recuperacion/ablaciones.json
6,sample_50_sin_directos,"{ ""config"": { ""k_denso"": 100, ""k_lexico"": 100, ""k_area"": 200, ""k_fusion"": 50, ""top_final"": 10, ""area_modo"": ""ninguno"", ""min_en_area"": 20, ""directos"": false, ""n_directos"": 4, ""alias"": true, ""reranker"": true, ""extra_por_opcion"": 2, ""garantizar_opciones"": true, ""max_por_norma"": 2, ""sin_copias"": true, ""max_sentencias"": 5, ""lote_reranker"": 16, ""max_tokens_reranker"": 512 }, ""sha256_chunks"": ""3d3b4660fb347ef49887dcbcd4750c634cad825a68bb7b75c3a2c885917445f8"", ""n_chunks"": 60329, ""encoder"": ""BAAI/bge-m3"", ""encoder_revision"": ""5617a9f61b028005a4858fdac845db406aefb181"", ""reranker"": ""BAAI/bge-reranker-v2-m3"", ""reranker_commit"": ""953dc6f6f85a1b2dbfca4c34a2796e7dde08d41e"" }",copias@10,0.0,data/recuperacion/ablaciones.json
6,sample_50_sin_directos,"{ ""config"": { ""k_denso"": 100, ""k_lexico"": 100, ""k_area"": 200, ""k_fusion"": 50, ""top_final"": 10, ""area_modo"": ""ninguno"", ""min_en_area"": 20, ""directos"": false, ""n_directos"": 4, ""alias"": true, ""reranker"": true, ""extra_por_opcion"": 2, ""garantizar_opciones"": true, ""max_por_norma"": 2, ""sin_copias"": true, ""max_sentencias"": 5, ""lote_reranker"": 16, ""max_tokens_reranker"": 512 }, ""sha256_chunks"": ""3d3b4660fb347ef49887dcbcd4750c634cad825a68bb7b75c3a2c885917445f8"", ""n_chunks"": 60329, ""encoder"": ""BAAI/bge-m3"", ""encoder_revision"": ""5617a9f61b028005a4858fdac845db406aefb181"", ""reranker"": ""BAAI/bge-reranker-v2-m3"", ""reranker_commit"": ""953dc6f6f85a1b2dbfca4c34a2796e7dde08d41e"" }",sentencias@8,3.55,data/recuperacion/ablaciones.json
6,sample_50_sin_directos,"{ ""config"": { ""k_denso"": 100, ""k_lexico"": 100, ""k_area"": 200, ""k_fusion"": 50, ""top_final"": 10, ""area_modo"": ""ninguno"", ""min_en_area"": 20, ""directos"": false, ""n_directos"": 4, ""alias"": true, ""reranker"": true, ""extra_por_opcion"": 2, ""garantizar_opciones"": true, ""max_por_norma"": 2, ""sin_copias"": true, ""max_sentencias"": 5, ""lote_reranker"": 16, ""max_tokens_reranker"": 512 }, ""sha256_chunks"": ""3d3b4660fb347ef49887dcbcd4750c634cad825a68bb7b75c3a2c885917445f8"", ""n_chunks"": 60329, ""encoder"": ""BAAI/bge-m3"", ""encoder_revision"": ""5617a9f61b028005a4858fdac845db406aefb181"", ""reranker"": ""BAAI/bge-reranker-v2-m3"", ""reranker_commit"": ""953dc6f6f85a1b2dbfca4c34a2796e7dde08d41e"" }",s_por_item,0.3977,data/recuperacion/ablaciones.json
6,sample_50_sin_alias,"{ ""config"": { ""k_denso"": 100, ""k_lexico"": 100, ""k_area"": 200, ""k_fusion"": 50, ""top_final"": 10, ""area_modo"": ""ninguno"", ""min_en_area"": 20, ""directos"": true, ""n_directos"": 4, ""alias"": false, ""reranker"": true, ""extra_por_opcion"": 2, ""garantizar_opciones"": true, ""max_por_norma"": 2, ""sin_copias"": true, ""max_sentencias"": 5, ""lote_reranker"": 16, ""max_tokens_reranker"": 512 }, ""sha256_chunks"": ""3d3b4660fb347ef49887dcbcd4750c634cad825a68bb7b75c3a2c885917445f8"", ""n_chunks"": 60329, ""encoder"": ""BAAI/bge-m3"", ""encoder_revision"": ""5617a9f61b028005a4858fdac845db406aefb181"", ""reranker"": ""BAAI/bge-reranker-v2-m3"", ""reranker_commit"": ""953dc6f6f85a1b2dbfca4c34a2796e7dde08d41e"" }",n,40,data/recuperacion/ablaciones.json
6,sample_50_sin_alias,"{ ""config"": { ""k_denso"": 100, ""k_lexico"": 100, ""k_area"": 200, ""k_fusion"": 50, ""top_final"": 10, ""area_modo"": ""ninguno"", ""min_en_area"": 20, ""directos"": true, ""n_directos"": 4, ""alias"": false, ""reranker"": true, ""extra_por_opcion"": 2, ""garantizar_opciones"": true, ""max_por_norma"": 2, ""sin_copias"": true, ""max_sentencias"": 5, ""lote_reranker"": 16, ""max_tokens_reranker"": 512 }, ""sha256_chunks"": ""3d3b4660fb347ef49887dcbcd4750c634cad825a68bb7b75c3a2c885917445f8"", ""n_chunks"": 60329, ""encoder"": ""BAAI/bge-m3"", ""encoder_revision"": ""5617a9f61b028005a4858fdac845db406aefb181"", ""reranker"": ""BAAI/bge-reranker-v2-m3"", ""reranker_commit"": ""953dc6f6f85a1b2dbfca4c34a2796e7dde08d41e"" }",cobertura_cuerpo@10,0.9625,data/recuperacion/ablaciones.json
6,sample_50_sin_alias,"{ ""config"": { ""k_denso"": 100, ""k_lexico"": 100, ""k_area"": 200, ""k_fusion"": 50, ""top_final"": 10, ""area_modo"": ""ninguno"", ""min_en_area"": 20, ""directos"": true, ""n_directos"": 4, ""alias"": false, ""reranker"": true, ""extra_por_opcion"": 2, ""garantizar_opciones"": true, ""max_por_norma"": 2, ""sin_copias"": true, ""max_sentencias"": 5, ""lote_reranker"": 16, ""max_tokens_reranker"": 512 }, ""sha256_chunks"": ""3d3b4660fb347ef49887dcbcd4750c634cad825a68bb7b75c3a2c885917445f8"", ""n_chunks"": 60329, ""encoder"": ""BAAI/bge-m3"", ""encoder_revision"": ""5617a9f61b028005a4858fdac845db406aefb181"", ""reranker"": ""BAAI/bge-reranker-v2-m3"", ""reranker_commit"": ""953dc6f6f85a1b2dbfca4c34a2796e7dde08d41e"" }",cobertura_articulo@10,0.5982,data/recuperacion/ablaciones.json
6,sample_50_sin_alias,"{ ""config"": { ""k_denso"": 100, ""k_lexico"": 100, ""k_area"": 200, ""k_fusion"": 50, ""top_final"": 10, ""area_modo"": ""ninguno"", ""min_en_area"": 20, ""directos"": true, ""n_directos"": 4, ""alias"": false, ""reranker"": true, ""extra_por_opcion"": 2, ""garantizar_opciones"": true, ""max_por_norma"": 2, ""sin_copias"": true, ""max_sentencias"": 5, ""lote_reranker"": 16, ""max_tokens_reranker"": 512 }, ""sha256_chunks"": ""3d3b4660fb347ef49887dcbcd4750c634cad825a68bb7b75c3a2c885917445f8"", ""n_chunks"": 60329, ""encoder"": ""BAAI/bge-m3"", ""encoder_revision"": ""5617a9f61b028005a4858fdac845db406aefb181"", ""reranker"": ""BAAI/bge-reranker-v2-m3"", ""reranker_commit"": ""953dc6f6f85a1b2dbfca4c34a2796e7dde08d41e"" }",hit_doc@10,0.9,data/recuperacion/ablaciones.json
6,sample_50_sin_alias,"{ ""config"": { ""k_denso"": 100, ""k_lexico"": 100, ""k_area"": 200, ""k_fusion"": 50, ""top_final"": 10, ""area_modo"": ""ninguno"", ""min_en_area"": 20, ""directos"": true, ""n_directos"": 4, ""alias"": false, ""reranker"": true, ""extra_por_opcion"": 2, ""garantizar_opciones"": true, ""max_por_norma"": 2, ""sin_copias"": true, ""max_sentencias"": 5, ""lote_reranker"": 16, ""max_tokens_reranker"": 512 }, ""sha256_chunks"": ""3d3b4660fb347ef49887dcbcd4750c634cad825a68bb7b75c3a2c885917445f8"", ""n_chunks"": 60329, ""encoder"": ""BAAI/bge-m3"", ""encoder_revision"": ""5617a9f61b028005a4858fdac845db406aefb181"", ""reranker"": ""BAAI/bge-reranker-v2-m3"", ""reranker_commit"": ""953dc6f6f85a1b2dbfca4c34a2796e7dde08d41e"" }",normas_distintas@10,8.075,data/recuperacion/ablaciones.json
6,sample_50_sin_alias,"{ ""config"": { ""k_denso"": 100, ""k_lexico"": 100, ""k_area"": 200, ""k_fusion"": 50, ""top_final"": 10, ""area_modo"": ""ninguno"", ""min_en_area"": 20, ""directos"": true, ""n_directos"": 4, ""alias"": false, ""reranker"": true, ""extra_por_opcion"": 2, ""garantizar_opciones"": true, ""max_por_norma"": 2, ""sin_copias"": true, ""max_sentencias"": 5, ""lote_reranker"": 16, ""max_tokens_reranker"": 512 }, ""sha256_chunks"": ""3d3b4660fb347ef49887dcbcd4750c634cad825a68bb7b75c3a2c885917445f8"", ""n_chunks"": 60329, ""encoder"": ""BAAI/bge-m3"", ""encoder_revision"": ""5617a9f61b028005a4858fdac845db406aefb181"", ""reranker"": ""BAAI/bge-reranker-v2-m3"", ""reranker_commit"": ""953dc6f6f85a1b2dbfca4c34a2796e7dde08d41e"" }",cobertura_opciones@8,0.9167,data/recuperacion/ablaciones.json
6,sample_50_sin_alias,"{ ""config"": { ""k_denso"": 100, ""k_lexico"": 100, ""k_area"": 200, ""k_fusion"": 50, ""top_final"": 10, ""area_modo"": ""ninguno"", ""min_en_area"": 20, ""directos"": true, ""n_directos"": 4, ""alias"": false, ""reranker"": true, ""extra_por_opcion"": 2, ""garantizar_opciones"": true, ""max_por_norma"": 2, ""sin_copias"": true, ""max_sentencias"": 5, ""lote_reranker"": 16, ""max_tokens_reranker"": 512 }, ""sha256_chunks"": ""3d3b4660fb347ef49887dcbcd4750c634cad825a68bb7b75c3a2c885917445f8"", ""n_chunks"": 60329, ""encoder"": ""BAAI/bge-m3"", ""encoder_revision"": ""5617a9f61b028005a4858fdac845db406aefb181"", ""reranker"": ""BAAI/bge-reranker-v2-m3"", ""reranker_commit"": ""953dc6f6f85a1b2dbfca4c34a2796e7dde08d41e"" }",copias@10,0.025,data/recuperacion/ablaciones.json
6,sample_50_sin_alias,"{ ""config"": { ""k_denso"": 100, ""k_lexico"": 100, ""k_area"": 200, ""k_fusion"": 50, ""top_final"": 10, ""area_modo"": ""ninguno"", ""min_en_area"": 20, ""directos"": true, ""n_directos"": 4, ""alias"": false, ""reranker"": true, ""extra_por_opcion"": 2, ""garantizar_opciones"": true, ""max_por_norma"": 2, ""sin_copias"": true, ""max_sentencias"": 5, ""lote_reranker"": 16, ""max_tokens_reranker"": 512 }, ""sha256_chunks"": ""3d3b4660fb347ef49887dcbcd4750c634cad825a68bb7b75c3a2c885917445f8"", ""n_chunks"": 60329, ""encoder"": ""BAAI/bge-m3"", ""encoder_revision"": ""5617a9f61b028005a4858fdac845db406aefb181"", ""reranker"": ""BAAI/bge-reranker-v2-m3"", ""reranker_commit"": ""953dc6f6f85a1b2dbfca4c34a2796e7dde08d41e"" }",sentencias@8,3.525,data/recuperacion/ablaciones.json
6,sample_50_sin_alias,"{ ""config"": { ""k_denso"": 100, ""k_lexico"": 100, ""k_area"": 200, ""k_fusion"": 50, ""top_final"": 10, ""area_modo"": ""ninguno"", ""min_en_area"": 20, ""directos"": true, ""n_directos"": 4, ""alias"": false, ""reranker"": true, ""extra_por_opcion"": 2, ""garantizar_opciones"": true, ""max_por_norma"": 2, ""sin_copias"": true, ""max_sentencias"": 5, ""lote_reranker"": 16, ""max_tokens_reranker"": 512 }, ""sha256_chunks"": ""3d3b4660fb347ef49887dcbcd4750c634cad825a68bb7b75c3a2c885917445f8"", ""n_chunks"": 60329, ""encoder"": ""BAAI/bge-m3"", ""encoder_revision"": ""5617a9f61b028005a4858fdac845db406aefb181"", ""reranker"": ""BAAI/bge-reranker-v2-m3"", ""reranker_commit"": ""953dc6f6f85a1b2dbfca4c34a2796e7dde08d41e"" }",s_por_item,0.3976,data/recuperacion/ablaciones.json
6,sample_50_con_area,"{ ""config"": { ""k_denso"": 100, ""k_lexico"": 100, ""k_area"": 200, ""k_fusion"": 50, ""top_final"": 10, ""area_modo"": ""filtro"", ""min_en_area"": 20, ""directos"": true, ""n_directos"": 4, ""alias"": true, ""reranker"": true, ""extra_por_opcion"": 2, ""garantizar_opciones"": true, ""max_por_norma"": 2, ""sin_copias"": true, ""max_sentencias"": 5, ""lote_reranker"": 16, ""max_tokens_reranker"": 512 }, ""sha256_chunks"": ""3d3b4660fb347ef49887dcbcd4750c634cad825a68bb7b75c3a2c885917445f8"", ""n_chunks"": 60329, ""encoder"": ""BAAI/bge-m3"", ""encoder_revision"": ""5617a9f61b028005a4858fdac845db406aefb181"", ""reranker"": ""BAAI/bge-reranker-v2-m3"", ""reranker_commit"": ""953dc6f6f85a1b2dbfca4c34a2796e7dde08d41e"" }",n,40,data/recuperacion/ablaciones.json
6,sample_50_con_area,"{ ""config"": { ""k_denso"": 100, ""k_lexico"": 100, ""k_area"": 200, ""k_fusion"": 50, ""top_final"": 10, ""area_modo"": ""filtro"", ""min_en_area"": 20, ""directos"": true, ""n_directos"": 4, ""alias"": true, ""reranker"": true, ""extra_por_opcion"": 2, ""garantizar_opciones"": true, ""max_por_norma"": 2, ""sin_copias"": true, ""max_sentencias"": 5, ""lote_reranker"": 16, ""max_tokens_reranker"": 512 }, ""sha256_chunks"": ""3d3b4660fb347ef49887dcbcd4750c634cad825a68bb7b75c3a2c885917445f8"", ""n_chunks"": 60329, ""encoder"": ""BAAI/bge-m3"", ""encoder_revision"": ""5617a9f61b028005a4858fdac845db406aefb181"", ""reranker"": ""BAAI/bge-reranker-v2-m3"", ""reranker_commit"": ""953dc6f6f85a1b2dbfca4c34a2796e7dde08d41e"" }",cobertura_cuerpo@10,0.95,data/recuperacion/ablaciones.json
6,sample_50_con_area,"{ ""config"": { ""k_denso"": 100, ""k_lexico"": 100, ""k_area"": 200, ""k_fusion"": 50, ""top_final"": 10, ""area_modo"": ""filtro"", ""min_en_area"": 20, ""directos"": true, ""n_directos"": 4, ""alias"": true, ""reranker"": true, ""extra_por_opcion"": 2, ""garantizar_opciones"": true, ""max_por_norma"": 2, ""sin_copias"": true, ""max_sentencias"": 5, ""lote_reranker"": 16, ""max_tokens_reranker"": 512 }, ""sha256_chunks"": ""3d3b4660fb347ef49887dcbcd4750c634cad825a68bb7b75c3a2c885917445f8"", ""n_chunks"": 60329, ""encoder"": ""BAAI/bge-m3"", ""encoder_revision"": ""5617a9f61b028005a4858fdac845db406aefb181"", ""reranker"": ""BAAI/bge-reranker-v2-m3"", ""reranker_commit"": ""953dc6f6f85a1b2dbfca4c34a2796e7dde08d41e"" }",cobertura_articulo@10,0.6053,data/recuperacion/ablaciones.json
6,sample_50_con_area,"{ ""config"": { ""k_denso"": 100, ""k_lexico"": 100, ""k_area"": 200, ""k_fusion"": 50, ""top_final"": 10, ""area_modo"": ""filtro"", ""min_en_area"": 20, ""directos"": true, ""n_directos"": 4, ""alias"": true, ""reranker"": true, ""extra_por_opcion"": 2, ""garantizar_opciones"": true, ""max_por_norma"": 2, ""sin_copias"": true, ""max_sentencias"": 5, ""lote_reranker"": 16, ""max_tokens_reranker"": 512 }, ""sha256_chunks"": ""3d3b4660fb347ef49887dcbcd4750c634cad825a68bb7b75c3a2c885917445f8"", ""n_chunks"": 60329, ""encoder"": ""BAAI/bge-m3"", ""encoder_revision"": ""5617a9f61b028005a4858fdac845db406aefb181"", ""reranker"": ""BAAI/bge-reranker-v2-m3"", ""reranker_commit"": ""953dc6f6f85a1b2dbfca4c34a2796e7dde08d41e"" }",hit_doc@10,0.9,data/recuperacion/ablaciones.json
6,sample_50_con_area,"{ ""config"": { ""k_denso"": 100, ""k_lexico"": 100, ""k_area"": 200, ""k_fusion"": 50, ""top_final"": 10, ""area_modo"": ""filtro"", ""min_en_area"": 20, ""directos"": true, ""n_directos"": 4, ""alias"": true, ""reranker"": true, ""extra_por_opcion"": 2, ""garantizar_opciones"": true, ""max_por_norma"": 2, ""sin_copias"": true, ""max_sentencias"": 5, ""lote_reranker"": 16, ""max_tokens_reranker"": 512 }, ""sha256_chunks"": ""3d3b4660fb347ef49887dcbcd4750c634cad825a68bb7b75c3a2c885917445f8"", ""n_chunks"": 60329, ""encoder"": ""BAAI/bge-m3"", ""encoder_revision"": ""5617a9f61b028005a4858fdac845db406aefb181"", ""reranker"": ""BAAI/bge-reranker-v2-m3"", ""reranker_commit"": ""953dc6f6f85a1b2dbfca4c34a2796e7dde08d41e"" }",normas_distintas@10,8.1,data/recuperacion/ablaciones.json
6,sample_50_con_area,"{ ""config"": { ""k_denso"": 100, ""k_lexico"": 100, ""k_area"": 200, ""k_fusion"": 50, ""top_final"": 10, ""area_modo"": ""filtro"", ""min_en_area"": 20, ""directos"": true, ""n_directos"": 4, ""alias"": true, ""reranker"": true, ""extra_por_opcion"": 2, ""garantizar_opciones"": true, ""max_por_norma"": 2, ""sin_copias"": true, ""max_sentencias"": 5, ""lote_reranker"": 16, ""max_tokens_reranker"": 512 }, ""sha256_chunks"": ""3d3b4660fb347ef49887dcbcd4750c634cad825a68bb7b75c3a2c885917445f8"", ""n_chunks"": 60329, ""encoder"": ""BAAI/bge-m3"", ""encoder_revision"": ""5617a9f61b028005a4858fdac845db406aefb181"", ""reranker"": ""BAAI/bge-reranker-v2-m3"", ""reranker_commit"": ""953dc6f6f85a1b2dbfca4c34a2796e7dde08d41e"" }",cobertura_opciones@8,0.9583,data/recuperacion/ablaciones.json
6,sample_50_con_area,"{ ""config"": { ""k_denso"": 100, ""k_lexico"": 100, ""k_area"": 200, ""k_fusion"": 50, ""top_final"": 10, ""area_modo"": ""filtro"", ""min_en_area"": 20, ""directos"": true, ""n_directos"": 4, ""alias"": true, ""reranker"": true, ""extra_por_opcion"": 2, ""garantizar_opciones"": true, ""max_por_norma"": 2, ""sin_copias"": true, ""max_sentencias"": 5, ""lote_reranker"": 16, ""max_tokens_reranker"": 512 }, ""sha256_chunks"": ""3d3b4660fb347ef49887dcbcd4750c634cad825a68bb7b75c3a2c885917445f8"", ""n_chunks"": 60329, ""encoder"": ""BAAI/bge-m3"", ""encoder_revision"": ""5617a9f61b028005a4858fdac845db406aefb181"", ""reranker"": ""BAAI/bge-reranker-v2-m3"", ""reranker_commit"": ""953dc6f6f85a1b2dbfca4c34a2796e7dde08d41e"" }",copias@10,0.025,data/recuperacion/ablaciones.json
6,sample_50_con_area,"{ ""config"": { ""k_denso"": 100, ""k_lexico"": 100, ""k_area"": 200, ""k_fusion"": 50, ""top_final"": 10, ""area_modo"": ""filtro"", ""min_en_area"": 20, ""directos"": true, ""n_directos"": 4, ""alias"": true, ""reranker"": true, ""extra_por_opcion"": 2, ""garantizar_opciones"": true, ""max_por_norma"": 2, ""sin_copias"": true, ""max_sentencias"": 5, ""lote_reranker"": 16, ""max_tokens_reranker"": 512 }, ""sha256_chunks"": ""3d3b4660fb347ef49887dcbcd4750c634cad825a68bb7b75c3a2c885917445f8"", ""n_chunks"": 60329, ""encoder"": ""BAAI/bge-m3"", ""encoder_revision"": ""5617a9f61b028005a4858fdac845db406aefb181"", ""reranker"": ""BAAI/bge-reranker-v2-m3"", ""reranker_commit"": ""953dc6f6f85a1b2dbfca4c34a2796e7dde08d41e"" }",sentencias@8,3.25,data/recuperacion/ablaciones.json
6,sample_50_con_area,"{ ""config"": { ""k_denso"": 100, ""k_lexico"": 100, ""k_area"": 200, ""k_fusion"": 50, ""top_final"": 10, ""area_modo"": ""filtro"", ""min_en_area"": 20, ""directos"": true, ""n_directos"": 4, ""alias"": true, ""reranker"": true, ""extra_por_opcion"": 2, ""garantizar_opciones"": true, ""max_por_norma"": 2, ""sin_copias"": true, ""max_sentencias"": 5, ""lote_reranker"": 16, ""max_tokens_reranker"": 512 }, ""sha256_chunks"": ""3d3b4660fb347ef49887dcbcd4750c634cad825a68bb7b75c3a2c885917445f8"", ""n_chunks"": 60329, ""encoder"": ""BAAI/bge-m3"", ""encoder_revision"": ""5617a9f61b028005a4858fdac845db406aefb181"", ""reranker"": ""BAAI/bge-reranker-v2-m3"", ""reranker_commit"": ""953dc6f6f85a1b2dbfca4c34a2796e7dde08d41e"" }",s_por_item,0.4064,data/recuperacion/ablaciones.json
6,sample_50_sin_diversidad,"{ ""config"": { ""k_denso"": 100, ""k_lexico"": 100, ""k_area"": 200, ""k_fusion"": 50, ""top_final"": 10, ""area_modo"": ""ninguno"", ""min_en_area"": 20, ""directos"": true, ""n_directos"": 4, ""alias"": true, ""reranker"": true, ""extra_por_opcion"": 2, ""garantizar_opciones"": true, ""max_por_norma"": 0, ""sin_copias"": true, ""max_sentencias"": 5, ""lote_reranker"": 16, ""max_tokens_reranker"": 512 }, ""sha256_chunks"": ""3d3b4660fb347ef49887dcbcd4750c634cad825a68bb7b75c3a2c885917445f8"", ""n_chunks"": 60329, ""encoder"": ""BAAI/bge-m3"", ""encoder_revision"": ""5617a9f61b028005a4858fdac845db406aefb181"", ""reranker"": ""BAAI/bge-reranker-v2-m3"", ""reranker_commit"": ""953dc6f6f85a1b2dbfca4c34a2796e7dde08d41e"" }",n,40,data/recuperacion/ablaciones.json
6,sample_50_sin_diversidad,"{ ""config"": { ""k_denso"": 100, ""k_lexico"": 100, ""k_area"": 200, ""k_fusion"": 50, ""top_final"": 10, ""area_modo"": ""ninguno"", ""min_en_area"": 20, ""directos"": true, ""n_directos"": 4, ""alias"": true, ""reranker"": true, ""extra_por_opcion"": 2, ""garantizar_opciones"": true, ""max_por_norma"": 0, ""sin_copias"": true, ""max_sentencias"": 5, ""lote_reranker"": 16, ""max_tokens_reranker"": 512 }, ""sha256_chunks"": ""3d3b4660fb347ef49887dcbcd4750c634cad825a68bb7b75c3a2c885917445f8"", ""n_chunks"": 60329, ""encoder"": ""BAAI/bge-m3"", ""encoder_revision"": ""5617a9f61b028005a4858fdac845db406aefb181"", ""reranker"": ""BAAI/bge-reranker-v2-m3"", ""reranker_commit"": ""953dc6f6f85a1b2dbfca4c34a2796e7dde08d41e"" }",cobertura_cuerpo@10,0.9375,data/recuperacion/ablaciones.json
6,sample_50_sin_diversidad,"{ ""config"": { ""k_denso"": 100, ""k_lexico"": 100, ""k_area"": 200, ""k_fusion"": 50, ""top_final"": 10, ""area_modo"": ""ninguno"", ""min_en_area"": 20, ""directos"": true, ""n_directos"": 4, ""alias"": true, ""reranker"": true, ""extra_por_opcion"": 2, ""garantizar_opciones"": true, ""max_por_norma"": 0, ""sin_copias"": true, ""max_sentencias"": 5, ""lote_reranker"": 16, ""max_tokens_reranker"": 512 }, ""sha256_chunks"": ""3d3b4660fb347ef49887dcbcd4750c634cad825a68bb7b75c3a2c885917445f8"", ""n_chunks"": 60329, ""encoder"": ""BAAI/bge-m3"", ""encoder_revision"": ""5617a9f61b028005a4858fdac845db406aefb181"", ""reranker"": ""BAAI/bge-reranker-v2-m3"", ""reranker_commit"": ""953dc6f6f85a1b2dbfca4c34a2796e7dde08d41e"" }",cobertura_articulo@10,0.5982,data/recuperacion/ablaciones.json
6,sample_50_sin_diversidad,"{ ""config"": { ""k_denso"": 100, ""k_lexico"": 100, ""k_area"": 200, ""k_fusion"": 50, ""top_final"": 10, ""area_modo"": ""ninguno"", ""min_en_area"": 20, ""directos"": true, ""n_directos"": 4, ""alias"": true, ""reranker"": true, ""extra_por_opcion"": 2, ""garantizar_opciones"": true, ""max_por_norma"": 0, ""sin_copias"": true, ""max_sentencias"": 5, ""lote_reranker"": 16, ""max_tokens_reranker"": 512 }, ""sha256_chunks"": ""3d3b4660fb347ef49887dcbcd4750c634cad825a68bb7b75c3a2c885917445f8"", ""n_chunks"": 60329, ""encoder"": ""BAAI/bge-m3"", ""encoder_revision"": ""5617a9f61b028005a4858fdac845db406aefb181"", ""reranker"": ""BAAI/bge-reranker-v2-m3"", ""reranker_commit"": ""953dc6f6f85a1b2dbfca4c34a2796e7dde08d41e"" }",hit_doc@10,0.9,data/recuperacion/ablaciones.json
6,sample_50_sin_diversidad,"{ ""config"": { ""k_denso"": 100, ""k_lexico"": 100, ""k_area"": 200, ""k_fusion"": 50, ""top_final"": 10, ""area_modo"": ""ninguno"", ""min_en_area"": 20, ""directos"": true, ""n_directos"": 4, ""alias"": true, ""reranker"": true, ""extra_por_opcion"": 2, ""garantizar_opciones"": true, ""max_por_norma"": 0, ""sin_copias"": true, ""max_sentencias"": 5, ""lote_reranker"": 16, ""max_tokens_reranker"": 512 }, ""sha256_chunks"": ""3d3b4660fb347ef49887dcbcd4750c634cad825a68bb7b75c3a2c885917445f8"", ""n_chunks"": 60329, ""encoder"": ""BAAI/bge-m3"", ""encoder_revision"": ""5617a9f61b028005a4858fdac845db406aefb181"", ""reranker"": ""BAAI/bge-reranker-v2-m3"", ""reranker_commit"": ""953dc6f6f85a1b2dbfca4c34a2796e7dde08d41e"" }",normas_distintas@10,7.1,data/recuperacion/ablaciones.json
6,sample_50_sin_diversidad,"{ ""config"": { ""k_denso"": 100, ""k_lexico"": 100, ""k_area"": 200, ""k_fusion"": 50, ""top_final"": 10, ""area_modo"": ""ninguno"", ""min_en_area"": 20, ""directos"": true, ""n_directos"": 4, ""alias"": true, ""reranker"": true, ""extra_por_opcion"": 2, ""garantizar_opciones"": true, ""max_por_norma"": 0, ""sin_copias"": true, ""max_sentencias"": 5, ""lote_reranker"": 16, ""max_tokens_reranker"": 512 }, ""sha256_chunks"": ""3d3b4660fb347ef49887dcbcd4750c634cad825a68bb7b75c3a2c885917445f8"", ""n_chunks"": 60329, ""encoder"": ""BAAI/bge-m3"", ""encoder_revision"": ""5617a9f61b028005a4858fdac845db406aefb181"", ""reranker"": ""BAAI/bge-reranker-v2-m3"", ""reranker_commit"": ""953dc6f6f85a1b2dbfca4c34a2796e7dde08d41e"" }",cobertura_opciones@8,0.9167,data/recuperacion/ablaciones.json
6,sample_50_sin_diversidad,"{ ""config"": { ""k_denso"": 100, ""k_lexico"": 100, ""k_area"": 200, ""k_fusion"": 50, ""top_final"": 10, ""area_modo"": ""ninguno"", ""min_en_area"": 20, ""directos"": true, ""n_directos"": 4, ""alias"": true, ""reranker"": true, ""extra_por_opcion"": 2, ""garantizar_opciones"": true, ""max_por_norma"": 0, ""sin_copias"": true, ""max_sentencias"": 5, ""lote_reranker"": 16, ""max_tokens_reranker"": 512 }, ""sha256_chunks"": ""3d3b4660fb347ef49887dcbcd4750c634cad825a68bb7b75c3a2c885917445f8"", ""n_chunks"": 60329, ""encoder"": ""BAAI/bge-m3"", ""encoder_revision"": ""5617a9f61b028005a4858fdac845db406aefb181"", ""reranker"": ""BAAI/bge-reranker-v2-m3"", ""reranker_commit"": ""953dc6f6f85a1b2dbfca4c34a2796e7dde08d41e"" }",copias@10,0.025,data/recuperacion/ablaciones.json
6,sample_50_sin_diversidad,"{ ""config"": { ""k_denso"": 100, ""k_lexico"": 100, ""k_area"": 200, ""k_fusion"": 50, ""top_final"": 10, ""area_modo"": ""ninguno"", ""min_en_area"": 20, ""directos"": true, ""n_directos"": 4, ""alias"": true, ""reranker"": true, ""extra_por_opcion"": 2, ""garantizar_opciones"": true, ""max_por_norma"": 0, ""sin_copias"": true, ""max_sentencias"": 5, ""lote_reranker"": 16, ""max_tokens_reranker"": 512 }, ""sha256_chunks"": ""3d3b4660fb347ef49887dcbcd4750c634cad825a68bb7b75c3a2c885917445f8"", ""n_chunks"": 60329, ""encoder"": ""BAAI/bge-m3"", ""encoder_revision"": ""5617a9f61b028005a4858fdac845db406aefb181"", ""reranker"": ""BAAI/bge-reranker-v2-m3"", ""reranker_commit"": ""953dc6f6f85a1b2dbfca4c34a2796e7dde08d41e"" }",sentencias@8,3.95,data/recuperacion/ablaciones.json
6,sample_50_sin_diversidad,"{ ""config"": { ""k_denso"": 100, ""k_lexico"": 100, ""k_area"": 200, ""k_fusion"": 50, ""top_final"": 10, ""area_modo"": ""ninguno"", ""min_en_area"": 20, ""directos"": true, ""n_directos"": 4, ""alias"": true, ""reranker"": true, ""extra_por_opcion"": 2, ""garantizar_opciones"": true, ""max_por_norma"": 0, ""sin_copias"": true, ""max_sentencias"": 5, ""lote_reranker"": 16, ""max_tokens_reranker"": 512 }, ""sha256_chunks"": ""3d3b4660fb347ef49887dcbcd4750c634cad825a68bb7b75c3a2c885917445f8"", ""n_chunks"": 60329, ""encoder"": ""BAAI/bge-m3"", ""encoder_revision"": ""5617a9f61b028005a4858fdac845db406aefb181"", ""reranker"": ""BAAI/bge-reranker-v2-m3"", ""reranker_commit"": ""953dc6f6f85a1b2dbfca4c34a2796e7dde08d41e"" }",s_por_item,0.4098,data/recuperacion/ablaciones.json
6,sample_50_sin_garantia_opciones,"{ ""config"": { ""k_denso"": 100, ""k_lexico"": 100, ""k_area"": 200, ""k_fusion"": 50, ""top_final"": 10, ""area_modo"": ""ninguno"", ""min_en_area"": 20, ""directos"": true, ""n_directos"": 4, ""alias"": true, ""reranker"": true, ""extra_por_opcion"": 2, ""garantizar_opciones"": false, ""max_por_norma"": 2, ""sin_copias"": true, ""max_sentencias"": 5, ""lote_reranker"": 16, ""max_tokens_reranker"": 512 }, ""sha256_chunks"": ""3d3b4660fb347ef49887dcbcd4750c634cad825a68bb7b75c3a2c885917445f8"", ""n_chunks"": 60329, ""encoder"": ""BAAI/bge-m3"", ""encoder_revision"": ""5617a9f61b028005a4858fdac845db406aefb181"", ""reranker"": ""BAAI/bge-reranker-v2-m3"", ""reranker_commit"": ""953dc6f6f85a1b2dbfca4c34a2796e7dde08d41e"" }",n,40,data/recuperacion/ablaciones.json
6,sample_50_sin_garantia_opciones,"{ ""config"": { ""k_denso"": 100, ""k_lexico"": 100, ""k_area"": 200, ""k_fusion"": 50, ""top_final"": 10, ""area_modo"": ""ninguno"", ""min_en_area"": 20, ""directos"": true, ""n_directos"": 4, ""alias"": true, ""reranker"": true, ""extra_por_opcion"": 2, ""garantizar_opciones"": false, ""max_por_norma"": 2, ""sin_copias"": true, ""max_sentencias"": 5, ""lote_reranker"": 16, ""max_tokens_reranker"": 512 }, ""sha256_chunks"": ""3d3b4660fb347ef49887dcbcd4750c634cad825a68bb7b75c3a2c885917445f8"", ""n_chunks"": 60329, ""encoder"": ""BAAI/bge-m3"", ""encoder_revision"": ""5617a9f61b028005a4858fdac845db406aefb181"", ""reranker"": ""BAAI/bge-reranker-v2-m3"", ""reranker_commit"": ""953dc6f6f85a1b2dbfca4c34a2796e7dde08d41e"" }",cobertura_cuerpo@10,0.9625,data/recuperacion/ablaciones.json
6,sample_50_sin_garantia_opciones,"{ ""config"": { ""k_denso"": 100, ""k_lexico"": 100, ""k_area"": 200, ""k_fusion"": 50, ""top_final"": 10, ""area_modo"": ""ninguno"", ""min_en_area"": 20, ""directos"": true, ""n_directos"": 4, ""alias"": true, ""reranker"": true, ""extra_por_opcion"": 2, ""garantizar_opciones"": false, ""max_por_norma"": 2, ""sin_copias"": true, ""max_sentencias"": 5, ""lote_reranker"": 16, ""max_tokens_reranker"": 512 }, ""sha256_chunks"": ""3d3b4660fb347ef49887dcbcd4750c634cad825a68bb7b75c3a2c885917445f8"", ""n_chunks"": 60329, ""encoder"": ""BAAI/bge-m3"", ""encoder_revision"": ""5617a9f61b028005a4858fdac845db406aefb181"", ""reranker"": ""BAAI/bge-reranker-v2-m3"", ""reranker_commit"": ""953dc6f6f85a1b2dbfca4c34a2796e7dde08d41e"" }",cobertura_articulo@10,0.6158,data/recuperacion/ablaciones.json
6,sample_50_sin_garantia_opciones,"{ ""config"": { ""k_denso"": 100, ""k_lexico"": 100, ""k_area"": 200, ""k_fusion"": 50, ""top_final"": 10, ""area_modo"": ""ninguno"", ""min_en_area"": 20, ""directos"": true, ""n_directos"": 4, ""alias"": true, ""reranker"": true, ""extra_por_opcion"": 2, ""garantizar_opciones"": false, ""max_por_norma"": 2, ""sin_copias"": true, ""max_sentencias"": 5, ""lote_reranker"": 16, ""max_tokens_reranker"": 512 }, ""sha256_chunks"": ""3d3b4660fb347ef49887dcbcd4750c634cad825a68bb7b75c3a2c885917445f8"", ""n_chunks"": 60329, ""encoder"": ""BAAI/bge-m3"", ""encoder_revision"": ""5617a9f61b028005a4858fdac845db406aefb181"", ""reranker"": ""BAAI/bge-reranker-v2-m3"", ""reranker_commit"": ""953dc6f6f85a1b2dbfca4c34a2796e7dde08d41e"" }",hit_doc@10,0.925,data/recuperacion/ablaciones.json
6,sample_50_sin_garantia_opciones,"{ ""config"": { ""k_denso"": 100, ""k_lexico"": 100, ""k_area"": 200, ""k_fusion"": 50, ""top_final"": 10, ""area_modo"": ""ninguno"", ""min_en_area"": 20, ""directos"": true, ""n_directos"": 4, ""alias"": true, ""reranker"": true, ""extra_por_opcion"": 2, ""garantizar_opciones"": false, ""max_por_norma"": 2, ""sin_copias"": true, ""max_sentencias"": 5, ""lote_reranker"": 16, ""max_tokens_reranker"": 512 }, ""sha256_chunks"": ""3d3b4660fb347ef49887dcbcd4750c634cad825a68bb7b75c3a2c885917445f8"", ""n_chunks"": 60329, ""encoder"": ""BAAI/bge-m3"", ""encoder_revision"": ""5617a9f61b028005a4858fdac845db406aefb181"", ""reranker"": ""BAAI/bge-reranker-v2-m3"", ""reranker_commit"": ""953dc6f6f85a1b2dbfca4c34a2796e7dde08d41e"" }",normas_distintas@10,8.05,data/recuperacion/ablaciones.json
6,sample_50_sin_garantia_opciones,"{ ""config"": { ""k_denso"": 100, ""k_lexico"": 100, ""k_area"": 200, ""k_fusion"": 50, ""top_final"": 10, ""area_modo"": ""ninguno"", ""min_en_area"": 20, ""directos"": true, ""n_directos"": 4, ""alias"": true, ""reranker"": true, ""extra_por_opcion"": 2, ""garantizar_opciones"": false, ""max_por_norma"": 2, ""sin_copias"": true, ""max_sentencias"": 5, ""lote_reranker"": 16, ""max_tokens_reranker"": 512 }, ""sha256_chunks"": ""3d3b4660fb347ef49887dcbcd4750c634cad825a68bb7b75c3a2c885917445f8"", ""n_chunks"": 60329, ""encoder"": ""BAAI/bge-m3"", ""encoder_revision"": ""5617a9f61b028005a4858fdac845db406aefb181"", ""reranker"": ""BAAI/bge-reranker-v2-m3"", ""reranker_commit"": ""953dc6f6f85a1b2dbfca4c34a2796e7dde08d41e"" }",cobertura_opciones@8,0.3125,data/recuperacion/ablaciones.json
6,sample_50_sin_garantia_opciones,"{ ""config"": { ""k_denso"": 100, ""k_lexico"": 100, ""k_area"": 200, ""k_fusion"": 50, ""top_final"": 10, ""area_modo"": ""ninguno"", ""min_en_area"": 20, ""directos"": true, ""n_directos"": 4, ""alias"": true, ""reranker"": true, ""extra_por_opcion"": 2, ""garantizar_opciones"": false, ""max_por_norma"": 2, ""sin_copias"": true, ""max_sentencias"": 5, ""lote_reranker"": 16, ""max_tokens_reranker"": 512 }, ""sha256_chunks"": ""3d3b4660fb347ef49887dcbcd4750c634cad825a68bb7b75c3a2c885917445f8"", ""n_chunks"": 60329, ""encoder"": ""BAAI/bge-m3"", ""encoder_revision"": ""5617a9f61b028005a4858fdac845db406aefb181"", ""reranker"": ""BAAI/bge-reranker-v2-m3"", ""reranker_commit"": ""953dc6f6f85a1b2dbfca4c34a2796e7dde08d41e"" }",copias@10,0.025,data/recuperacion/ablaciones.json
6,sample_50_sin_garantia_opciones,"{ ""config"": { ""k_denso"": 100, ""k_lexico"": 100, ""k_area"": 200, ""k_fusion"": 50, ""top_final"": 10, ""area_modo"": ""ninguno"", ""min_en_area"": 20, ""directos"": true, ""n_directos"": 4, ""alias"": true, ""reranker"": true, ""extra_por_opcion"": 2, ""garantizar_opciones"": false, ""max_por_norma"": 2, ""sin_copias"": true, ""max_sentencias"": 5, ""lote_reranker"": 16, ""max_tokens_reranker"": 512 }, ""sha256_chunks"": ""3d3b4660fb347ef49887dcbcd4750c634cad825a68bb7b75c3a2c885917445f8"", ""n_chunks"": 60329, ""encoder"": ""BAAI/bge-m3"", ""encoder_revision"": ""5617a9f61b028005a4858fdac845db406aefb181"", ""reranker"": ""BAAI/bge-reranker-v2-m3"", ""reranker_commit"": ""953dc6f6f85a1b2dbfca4c34a2796e7dde08d41e"" }",sentencias@8,3.45,data/recuperacion/ablaciones.json
6,sample_50_sin_garantia_opciones,"{ ""config"": { ""k_denso"": 100, ""k_lexico"": 100, ""k_area"": 200, ""k_fusion"": 50, ""top_final"": 10, ""area_modo"": ""ninguno"", ""min_en_area"": 20, ""directos"": true, ""n_directos"": 4, ""alias"": true, ""reranker"": true, ""extra_por_opcion"": 2, ""garantizar_opciones"": false, ""max_por_norma"": 2, ""sin_copias"": true, ""max_sentencias"": 5, ""lote_reranker"": 16, ""max_tokens_reranker"": 512 }, ""sha256_chunks"": ""3d3b4660fb347ef49887dcbcd4750c634cad825a68bb7b75c3a2c885917445f8"", ""n_chunks"": 60329, ""encoder"": ""BAAI/bge-m3"", ""encoder_revision"": ""5617a9f61b028005a4858fdac845db406aefb181"", ""reranker"": ""BAAI/bge-reranker-v2-m3"", ""reranker_commit"": ""953dc6f6f85a1b2dbfca4c34a2796e7dde08d41e"" }",s_por_item,0.4063,data/recuperacion/ablaciones.json
6,sample_50_con_copias,"{ ""config"": { ""k_denso"": 100, ""k_lexico"": 100, ""k_area"": 200, ""k_fusion"": 50, ""top_final"": 10, ""area_modo"": ""ninguno"", ""min_en_area"": 20, ""directos"": true, ""n_directos"": 4, ""alias"": true, ""reranker"": true, ""extra_por_opcion"": 2, ""garantizar_opciones"": true, ""max_por_norma"": 2, ""sin_copias"": false, ""max_sentencias"": 5, ""lote_reranker"": 16, ""max_tokens_reranker"": 512 }, ""sha256_chunks"": ""3d3b4660fb347ef49887dcbcd4750c634cad825a68bb7b75c3a2c885917445f8"", ""n_chunks"": 60329, ""encoder"": ""BAAI/bge-m3"", ""encoder_revision"": ""5617a9f61b028005a4858fdac845db406aefb181"", ""reranker"": ""BAAI/bge-reranker-v2-m3"", ""reranker_commit"": ""953dc6f6f85a1b2dbfca4c34a2796e7dde08d41e"" }",n,40,data/recuperacion/ablaciones.json
6,sample_50_con_copias,"{ ""config"": { ""k_denso"": 100, ""k_lexico"": 100, ""k_area"": 200, ""k_fusion"": 50, ""top_final"": 10, ""area_modo"": ""ninguno"", ""min_en_area"": 20, ""directos"": true, ""n_directos"": 4, ""alias"": true, ""reranker"": true, ""extra_por_opcion"": 2, ""garantizar_opciones"": true, ""max_por_norma"": 2, ""sin_copias"": false, ""max_sentencias"": 5, ""lote_reranker"": 16, ""max_tokens_reranker"": 512 }, ""sha256_chunks"": ""3d3b4660fb347ef49887dcbcd4750c634cad825a68bb7b75c3a2c885917445f8"", ""n_chunks"": 60329, ""encoder"": ""BAAI/bge-m3"", ""encoder_revision"": ""5617a9f61b028005a4858fdac845db406aefb181"", ""reranker"": ""BAAI/bge-reranker-v2-m3"", ""reranker_commit"": ""953dc6f6f85a1b2dbfca4c34a2796e7dde08d41e"" }",cobertura_cuerpo@10,0.9625,data/recuperacion/ablaciones.json
6,sample_50_con_copias,"{ ""config"": { ""k_denso"": 100, ""k_lexico"": 100, ""k_area"": 200, ""k_fusion"": 50, ""top_final"": 10, ""area_modo"": ""ninguno"", ""min_en_area"": 20, ""directos"": true, ""n_directos"": 4, ""alias"": true, ""reranker"": true, ""extra_por_opcion"": 2, ""garantizar_opciones"": true, ""max_por_norma"": 2, ""sin_copias"": false, ""max_sentencias"": 5, ""lote_reranker"": 16, ""max_tokens_reranker"": 512 }, ""sha256_chunks"": ""3d3b4660fb347ef49887dcbcd4750c634cad825a68bb7b75c3a2c885917445f8"", ""n_chunks"": 60329, ""encoder"": ""BAAI/bge-m3"", ""encoder_revision"": ""5617a9f61b028005a4858fdac845db406aefb181"", ""reranker"": ""BAAI/bge-reranker-v2-m3"", ""reranker_commit"": ""953dc6f6f85a1b2dbfca4c34a2796e7dde08d41e"" }",cobertura_articulo@10,0.5982,data/recuperacion/ablaciones.json
6,sample_50_con_copias,"{ ""config"": { ""k_denso"": 100, ""k_lexico"": 100, ""k_area"": 200, ""k_fusion"": 50, ""top_final"": 10, ""area_modo"": ""ninguno"", ""min_en_area"": 20, ""directos"": true, ""n_directos"": 4, ""alias"": true, ""reranker"": true, ""extra_por_opcion"": 2, ""garantizar_opciones"": true, ""max_por_norma"": 2, ""sin_copias"": false, ""max_sentencias"": 5, ""lote_reranker"": 16, ""max_tokens_reranker"": 512 }, ""sha256_chunks"": ""3d3b4660fb347ef49887dcbcd4750c634cad825a68bb7b75c3a2c885917445f8"", ""n_chunks"": 60329, ""encoder"": ""BAAI/bge-m3"", ""encoder_revision"": ""5617a9f61b028005a4858fdac845db406aefb181"", ""reranker"": ""BAAI/bge-reranker-v2-m3"", ""reranker_commit"": ""953dc6f6f85a1b2dbfca4c34a2796e7dde08d41e"" }",hit_doc@10,0.9,data/recuperacion/ablaciones.json
6,sample_50_con_copias,"{ ""config"": { ""k_denso"": 100, ""k_lexico"": 100, ""k_area"": 200, ""k_fusion"": 50, ""top_final"": 10, ""area_modo"": ""ninguno"", ""min_en_area"": 20, ""directos"": true, ""n_directos"": 4, ""alias"": true, ""reranker"": true, ""extra_por_opcion"": 2, ""garantizar_opciones"": true, ""max_por_norma"": 2, ""sin_copias"": false, ""max_sentencias"": 5, ""lote_reranker"": 16, ""max_tokens_reranker"": 512 }, ""sha256_chunks"": ""3d3b4660fb347ef49887dcbcd4750c634cad825a68bb7b75c3a2c885917445f8"", ""n_chunks"": 60329, ""encoder"": ""BAAI/bge-m3"", ""encoder_revision"": ""5617a9f61b028005a4858fdac845db406aefb181"", ""reranker"": ""BAAI/bge-reranker-v2-m3"", ""reranker_commit"": ""953dc6f6f85a1b2dbfca4c34a2796e7dde08d41e"" }",normas_distintas@10,7.75,data/recuperacion/ablaciones.json
6,sample_50_con_copias,"{ ""config"": { ""k_denso"": 100, ""k_lexico"": 100, ""k_area"": 200, ""k_fusion"": 50, ""top_final"": 10, ""area_modo"": ""ninguno"", ""min_en_area"": 20, ""directos"": true, ""n_directos"": 4, ""alias"": true, ""reranker"": true, ""extra_por_opcion"": 2, ""garantizar_opciones"": true, ""max_por_norma"": 2, ""sin_copias"": false, ""max_sentencias"": 5, ""lote_reranker"": 16, ""max_tokens_reranker"": 512 }, ""sha256_chunks"": ""3d3b4660fb347ef49887dcbcd4750c634cad825a68bb7b75c3a2c885917445f8"", ""n_chunks"": 60329, ""encoder"": ""BAAI/bge-m3"", ""encoder_revision"": ""5617a9f61b028005a4858fdac845db406aefb181"", ""reranker"": ""BAAI/bge-reranker-v2-m3"", ""reranker_commit"": ""953dc6f6f85a1b2dbfca4c34a2796e7dde08d41e"" }",cobertura_opciones@8,0.9167,data/recuperacion/ablaciones.json
6,sample_50_con_copias,"{ ""config"": { ""k_denso"": 100, ""k_lexico"": 100, ""k_area"": 200, ""k_fusion"": 50, ""top_final"": 10, ""area_modo"": ""ninguno"", ""min_en_area"": 20, ""directos"": true, ""n_directos"": 4, ""alias"": true, ""reranker"": true, ""extra_por_opcion"": 2, ""garantizar_opciones"": true, ""max_por_norma"": 2, ""sin_copias"": false, ""max_sentencias"": 5, ""lote_reranker"": 16, ""max_tokens_reranker"": 512 }, ""sha256_chunks"": ""3d3b4660fb347ef49887dcbcd4750c634cad825a68bb7b75c3a2c885917445f8"", ""n_chunks"": 60329, ""encoder"": ""BAAI/bge-m3"", ""encoder_revision"": ""5617a9f61b028005a4858fdac845db406aefb181"", ""reranker"": ""BAAI/bge-reranker-v2-m3"", ""reranker_commit"": ""953dc6f6f85a1b2dbfca4c34a2796e7dde08d41e"" }",copias@10,0.425,data/recuperacion/ablaciones.json
6,sample_50_con_copias,"{ ""config"": { ""k_denso"": 100, ""k_lexico"": 100, ""k_area"": 200, ""k_fusion"": 50, ""top_final"": 10, ""area_modo"": ""ninguno"", ""min_en_area"": 20, ""directos"": true, ""n_directos"": 4, ""alias"": true, ""reranker"": true, ""extra_por_opcion"": 2, ""garantizar_opciones"": true, ""max_por_norma"": 2, ""sin_copias"": false, ""max_sentencias"": 5, ""lote_reranker"": 16, ""max_tokens_reranker"": 512 }, ""sha256_chunks"": ""3d3b4660fb347ef49887dcbcd4750c634cad825a68bb7b75c3a2c885917445f8"", ""n_chunks"": 60329, ""encoder"": ""BAAI/bge-m3"", ""encoder_revision"": ""5617a9f61b028005a4858fdac845db406aefb181"", ""reranker"": ""BAAI/bge-reranker-v2-m3"", ""reranker_commit"": ""953dc6f6f85a1b2dbfca4c34a2796e7dde08d41e"" }",sentencias@8,3.5,data/recuperacion/ablaciones.json
6,sample_50_con_copias,"{ ""config"": { ""k_denso"": 100, ""k_lexico"": 100, ""k_area"": 200, ""k_fusion"": 50, ""top_final"": 10, ""area_modo"": ""ninguno"", ""min_en_area"": 20, ""directos"": true, ""n_directos"": 4, ""alias"": true, ""reranker"": true, ""extra_por_opcion"": 2, ""garantizar_opciones"": true, ""max_por_norma"": 2, ""sin_copias"": false, ""max_sentencias"": 5, ""lote_reranker"": 16, ""max_tokens_reranker"": 512 }, ""sha256_chunks"": ""3d3b4660fb347ef49887dcbcd4750c634cad825a68bb7b75c3a2c885917445f8"", ""n_chunks"": 60329, ""encoder"": ""BAAI/bge-m3"", ""encoder_revision"": ""5617a9f61b028005a4858fdac845db406aefb181"", ""reranker"": ""BAAI/bge-reranker-v2-m3"", ""reranker_commit"": ""953dc6f6f85a1b2dbfca4c34a2796e7dde08d41e"" }",s_por_item,0.4089,data/recuperacion/ablaciones.json
6,sample_50_sin_tope_sentencias,"{ ""config"": { ""k_denso"": 100, ""k_lexico"": 100, ""k_area"": 200, ""k_fusion"": 50, ""top_final"": 10, ""area_modo"": ""ninguno"", ""min_en_area"": 20, ""directos"": true, ""n_directos"": 4, ""alias"": true, ""reranker"": true, ""extra_por_opcion"": 2, ""garantizar_opciones"": true, ""max_por_norma"": 2, ""sin_copias"": true, ""max_sentencias"": 0, ""lote_reranker"": 16, ""max_tokens_reranker"": 512 }, ""sha256_chunks"": ""3d3b4660fb347ef49887dcbcd4750c634cad825a68bb7b75c3a2c885917445f8"", ""n_chunks"": 60329, ""encoder"": ""BAAI/bge-m3"", ""encoder_revision"": ""5617a9f61b028005a4858fdac845db406aefb181"", ""reranker"": ""BAAI/bge-reranker-v2-m3"", ""reranker_commit"": ""953dc6f6f85a1b2dbfca4c34a2796e7dde08d41e"" }",n,40,data/recuperacion/ablaciones.json
6,sample_50_sin_tope_sentencias,"{ ""config"": { ""k_denso"": 100, ""k_lexico"": 100, ""k_area"": 200, ""k_fusion"": 50, ""top_final"": 10, ""area_modo"": ""ninguno"", ""min_en_area"": 20, ""directos"": true, ""n_directos"": 4, ""alias"": true, ""reranker"": true, ""extra_por_opcion"": 2, ""garantizar_opciones"": true, ""max_por_norma"": 2, ""sin_copias"": true, ""max_sentencias"": 0, ""lote_reranker"": 16, ""max_tokens_reranker"": 512 }, ""sha256_chunks"": ""3d3b4660fb347ef49887dcbcd4750c634cad825a68bb7b75c3a2c885917445f8"", ""n_chunks"": 60329, ""encoder"": ""BAAI/bge-m3"", ""encoder_revision"": ""5617a9f61b028005a4858fdac845db406aefb181"", ""reranker"": ""BAAI/bge-reranker-v2-m3"", ""reranker_commit"": ""953dc6f6f85a1b2dbfca4c34a2796e7dde08d41e"" }",cobertura_cuerpo@10,0.9375,data/recuperacion/ablaciones.json
6,sample_50_sin_tope_sentencias,"{ ""config"": { ""k_denso"": 100, ""k_lexico"": 100, ""k_area"": 200, ""k_fusion"": 50, ""top_final"": 10, ""area_modo"": ""ninguno"", ""min_en_area"": 20, ""directos"": true, ""n_directos"": 4, ""alias"": true, ""reranker"": true, ""extra_por_opcion"": 2, ""garantizar_opciones"": true, ""max_por_norma"": 2, ""sin_copias"": true, ""max_sentencias"": 0, ""lote_reranker"": 16, ""max_tokens_reranker"": 512 }, ""sha256_chunks"": ""3d3b4660fb347ef49887dcbcd4750c634cad825a68bb7b75c3a2c885917445f8"", ""n_chunks"": 60329, ""encoder"": ""BAAI/bge-m3"", ""encoder_revision"": ""5617a9f61b028005a4858fdac845db406aefb181"", ""reranker"": ""BAAI/bge-reranker-v2-m3"", ""reranker_commit"": ""953dc6f6f85a1b2dbfca4c34a2796e7dde08d41e"" }",cobertura_articulo@10,0.5982,data/recuperacion/ablaciones.json
6,sample_50_sin_tope_sentencias,"{ ""config"": { ""k_denso"": 100, ""k_lexico"": 100, ""k_area"": 200, ""k_fusion"": 50, ""top_final"": 10, ""area_modo"": ""ninguno"", ""min_en_area"": 20, ""directos"": true, ""n_directos"": 4, ""alias"": true, ""reranker"": true, ""extra_por_opcion"": 2, ""garantizar_opciones"": true, ""max_por_norma"": 2, ""sin_copias"": true, ""max_sentencias"": 0, ""lote_reranker"": 16, ""max_tokens_reranker"": 512 }, ""sha256_chunks"": ""3d3b4660fb347ef49887dcbcd4750c634cad825a68bb7b75c3a2c885917445f8"", ""n_chunks"": 60329, ""encoder"": ""BAAI/bge-m3"", ""encoder_revision"": ""5617a9f61b028005a4858fdac845db406aefb181"", ""reranker"": ""BAAI/bge-reranker-v2-m3"", ""reranker_commit"": ""953dc6f6f85a1b2dbfca4c34a2796e7dde08d41e"" }",hit_doc@10,0.85,data/recuperacion/ablaciones.json
6,sample_50_sin_tope_sentencias,"{ ""config"": { ""k_denso"": 100, ""k_lexico"": 100, ""k_area"": 200, ""k_fusion"": 50, ""top_final"": 10, ""area_modo"": ""ninguno"", ""min_en_area"": 20, ""directos"": true, ""n_directos"": 4, ""alias"": true, ""reranker"": true, ""extra_por_opcion"": 2, ""garantizar_opciones"": true, ""max_por_norma"": 2, ""sin_copias"": true, ""max_sentencias"": 0, ""lote_reranker"": 16, ""max_tokens_reranker"": 512 }, ""sha256_chunks"": ""3d3b4660fb347ef49887dcbcd4750c634cad825a68bb7b75c3a2c885917445f8"", ""n_chunks"": 60329, ""encoder"": ""BAAI/bge-m3"", ""encoder_revision"": ""5617a9f61b028005a4858fdac845db406aefb181"", ""reranker"": ""BAAI/bge-reranker-v2-m3"", ""reranker_commit"": ""953dc6f6f85a1b2dbfca4c34a2796e7dde08d41e"" }",normas_distintas@10,8.225,data/recuperacion/ablaciones.json
6,sample_50_sin_tope_sentencias,"{ ""config"": { ""k_denso"": 100, ""k_lexico"": 100, ""k_area"": 200, ""k_fusion"": 50, ""top_final"": 10, ""area_modo"": ""ninguno"", ""min_en_area"": 20, ""directos"": true, ""n_directos"": 4, ""alias"": true, ""reranker"": true, ""extra_por_opcion"": 2, ""garantizar_opciones"": true, ""max_por_norma"": 2, ""sin_copias"": true, ""max_sentencias"": 0, ""lote_reranker"": 16, ""max_tokens_reranker"": 512 }, ""sha256_chunks"": ""3d3b4660fb347ef49887dcbcd4750c634cad825a68bb7b75c3a2c885917445f8"", ""n_chunks"": 60329, ""encoder"": ""BAAI/bge-m3"", ""encoder_revision"": ""5617a9f61b028005a4858fdac845db406aefb181"", ""reranker"": ""BAAI/bge-reranker-v2-m3"", ""reranker_commit"": ""953dc6f6f85a1b2dbfca4c34a2796e7dde08d41e"" }",cobertura_opciones@8,0.9167,data/recuperacion/ablaciones.json
6,sample_50_sin_tope_sentencias,"{ ""config"": { ""k_denso"": 100, ""k_lexico"": 100, ""k_area"": 200, ""k_fusion"": 50, ""top_final"": 10, ""area_modo"": ""ninguno"", ""min_en_area"": 20, ""directos"": true, ""n_directos"": 4, ""alias"": true, ""reranker"": true, ""extra_por_opcion"": 2, ""garantizar_opciones"": true, ""max_por_norma"": 2, ""sin_copias"": true, ""max_sentencias"": 0, ""lote_reranker"": 16, ""max_tokens_reranker"": 512 }, ""sha256_chunks"": ""3d3b4660fb347ef49887dcbcd4750c634cad825a68bb7b75c3a2c885917445f8"", ""n_chunks"": 60329, ""encoder"": ""BAAI/bge-m3"", ""encoder_revision"": ""5617a9f61b028005a4858fdac845db406aefb181"", ""reranker"": ""BAAI/bge-reranker-v2-m3"", ""reranker_commit"": ""953dc6f6f85a1b2dbfca4c34a2796e7dde08d41e"" }",copias@10,0.025,data/recuperacion/ablaciones.json
6,sample_50_sin_tope_sentencias,"{ ""config"": { ""k_denso"": 100, ""k_lexico"": 100, ""k_area"": 200, ""k_fusion"": 50, ""top_final"": 10, ""area_modo"": ""ninguno"", ""min_en_area"": 20, ""directos"": true, ""n_directos"": 4, ""alias"": true, ""reranker"": true, ""extra_por_opcion"": 2, ""garantizar_opciones"": true, ""max_por_norma"": 2, ""sin_copias"": true, ""max_sentencias"": 0, ""lote_reranker"": 16, ""max_tokens_reranker"": 512 }, ""sha256_chunks"": ""3d3b4660fb347ef49887dcbcd4750c634cad825a68bb7b75c3a2c885917445f8"", ""n_chunks"": 60329, ""encoder"": ""BAAI/bge-m3"", ""encoder_revision"": ""5617a9f61b028005a4858fdac845db406aefb181"", ""reranker"": ""BAAI/bge-reranker-v2-m3"", ""reranker_commit"": ""953dc6f6f85a1b2dbfca4c34a2796e7dde08d41e"" }",sentencias@8,3.8,data/recuperacion/ablaciones.json
6,sample_50_sin_tope_sentencias,"{ ""config"": { ""k_denso"": 100, ""k_lexico"": 100, ""k_area"": 200, ""k_fusion"": 50, ""top_final"": 10, ""area_modo"": ""ninguno"", ""min_en_area"": 20, ""directos"": true, ""n_directos"": 4, ""alias"": true, ""reranker"": true, ""extra_por_opcion"": 2, ""garantizar_opciones"": true, ""max_por_norma"": 2, ""sin_copias"": true, ""max_sentencias"": 0, ""lote_reranker"": 16, ""max_tokens_reranker"": 512 }, ""sha256_chunks"": ""3d3b4660fb347ef49887dcbcd4750c634cad825a68bb7b75c3a2c885917445f8"", ""n_chunks"": 60329, ""encoder"": ""BAAI/bge-m3"", ""encoder_revision"": ""5617a9f61b028005a4858fdac845db406aefb181"", ""reranker"": ""BAAI/bge-reranker-v2-m3"", ""reranker_commit"": ""953dc6f6f85a1b2dbfca4c34a2796e7dde08d41e"" }",s_por_item,0.4071,data/recuperacion/ablaciones.json
7,qwen3-8b/contexto_oraculo/multiple_choice@2026-10-01 19:23:48,modelo=qwen3-8b contexto=contexto_oraculo,n,15.0,data/processed/bench_generacion.csv
7,qwen3-8b/contexto_oraculo/multiple_choice@2026-10-01 19:23:48,modelo=qwen3-8b contexto=contexto_oraculo,segundos,170.1,data/processed/bench_generacion.csv
7,qwen3-8b/contexto_oraculo/multiple_choice@2026-10-01 19:23:48,modelo=qwen3-8b contexto=contexto_oraculo,s_por_pregunta,11.34,data/processed/bench_generacion.csv
7,qwen3-8b/contexto_oraculo/multiple_choice@2026-10-01 19:23:48,modelo=qwen3-8b contexto=contexto_oraculo,proyeccion_992_horas,3.12,data/processed/bench_generacion.csv
7,qwen3-8b/contexto_oraculo/multiple_choice@2026-10-01 19:23:48,modelo=qwen3-8b contexto=contexto_oraculo,validos,15.0,data/processed/bench_generacion.csv
7,qwen3-8b/contexto_oraculo/multiple_choice@2026-10-01 19:23:48,modelo=qwen3-8b contexto=contexto_oraculo,abstenciones,4.0,data/processed/bench_generacion.csv
7,qwen3-8b/contexto_oraculo/multiple_choice@2026-10-01 19:23:48,modelo=qwen3-8b contexto=contexto_oraculo,exactitud_cerradas,0.533,data/processed/bench_generacion.csv
7,qwen3-8b/contexto_oraculo/semi_open@2026-10-01 19:28:21,modelo=qwen3-8b contexto=contexto_oraculo,n,30.0,data/processed/bench_generacion.csv
7,qwen3-8b/contexto_oraculo/semi_open@2026-10-01 19:28:21,modelo=qwen3-8b contexto=contexto_oraculo,segundos,273.0,data/processed/bench_generacion.csv
7,qwen3-8b/contexto_oraculo/semi_open@2026-10-01 19:28:21,modelo=qwen3-8b contexto=contexto_oraculo,s_por_pregunta,9.1,data/processed/bench_generacion.csv
7,qwen3-8b/contexto_oraculo/semi_open@2026-10-01 19:28:21,modelo=qwen3-8b contexto=contexto_oraculo,proyeccion_992_horas,2.51,data/processed/bench_generacion.csv
7,qwen3-8b/contexto_oraculo/semi_open@2026-10-01 19:28:21,modelo=qwen3-8b contexto=contexto_oraculo,validos,30.0,data/processed/bench_generacion.csv
7,qwen3-8b/contexto_oraculo/semi_open@2026-10-01 19:28:21,modelo=qwen3-8b contexto=contexto_oraculo,abstenciones,7.0,data/processed/bench_generacion.csv
7,qwen3-8b/contexto_oraculo/open_ended@2026-10-01 19:30:30,modelo=qwen3-8b contexto=contexto_oraculo,n,5.0,data/processed/bench_generacion.csv
7,qwen3-8b/contexto_oraculo/open_ended@2026-10-01 19:30:30,modelo=qwen3-8b contexto=contexto_oraculo,segundos,129.0,data/processed/bench_generacion.csv
7,qwen3-8b/contexto_oraculo/open_ended@2026-10-01 19:30:30,modelo=qwen3-8b contexto=contexto_oraculo,s_por_pregunta,25.8,data/processed/bench_generacion.csv
7,qwen3-8b/contexto_oraculo/open_ended@2026-10-01 19:30:30,modelo=qwen3-8b contexto=contexto_oraculo,proyeccion_992_horas,7.11,data/processed/bench_generacion.csv
7,qwen3-8b/contexto_oraculo/open_ended@2026-10-01 19:30:30,modelo=qwen3-8b contexto=contexto_oraculo,validos,5.0,data/processed/bench_generacion.csv
7,qwen3-8b/contexto_oraculo/open_ended@2026-10-01 19:30:30,modelo=qwen3-8b contexto=contexto_oraculo,abstenciones,1.0,data/processed/bench_generacion.csv
7,llama-3.1-8b/contexto_oraculo/multiple_choice@2026-10-01 19:45:13,modelo=llama-3.1-8b contexto=contexto_oraculo,n,15.0,data/processed/bench_generacion.csv
7,llama-3.1-8b/contexto_oraculo/multiple_choice@2026-10-01 19:45:13,modelo=llama-3.1-8b contexto=contexto_oraculo,segundos,185.3,data/processed/bench_generacion.csv
7,llama-3.1-8b/contexto_oraculo/multiple_choice@2026-10-01 19:45:13,modelo=llama-3.1-8b contexto=contexto_oraculo,s_por_pregunta,12.36,data/processed/bench_generacion.csv
7,llama-3.1-8b/contexto_oraculo/multiple_choice@2026-10-01 19:45:13,modelo=llama-3.1-8b contexto=contexto_oraculo,proyeccion_992_horas,3.4,data/processed/bench_generacion.csv
7,llama-3.1-8b/contexto_oraculo/multiple_choice@2026-10-01 19:45:13,modelo=llama-3.1-8b contexto=contexto_oraculo,validos,15.0,data/processed/bench_generacion.csv
7,llama-3.1-8b/contexto_oraculo/multiple_choice@2026-10-01 19:45:13,modelo=llama-3.1-8b contexto=contexto_oraculo,abstenciones,4.0,data/processed/bench_generacion.csv
7,llama-3.1-8b/contexto_oraculo/multiple_choice@2026-10-01 19:45:13,modelo=llama-3.1-8b contexto=contexto_oraculo,exactitud_cerradas,0.667,data/processed/bench_generacion.csv
7,llama-3.1-8b/contexto_oraculo/semi_open@2026-10-01 19:49:40,modelo=llama-3.1-8b contexto=contexto_oraculo,n,30.0,data/processed/bench_generacion.csv
7,llama-3.1-8b/contexto_oraculo/semi_open@2026-10-01 19:49:40,modelo=llama-3.1-8b contexto=contexto_oraculo,segundos,267.0,data/processed/bench_generacion.csv
7,llama-3.1-8b/contexto_oraculo/semi_open@2026-10-01 19:49:40,modelo=llama-3.1-8b contexto=contexto_oraculo,s_por_pregunta,8.9,data/processed/bench_generacion.csv
7,llama-3.1-8b/contexto_oraculo/semi_open@2026-10-01 19:49:40,modelo=llama-3.1-8b contexto=contexto_oraculo,proyeccion_992_horas,2.45,data/processed/bench_generacion.csv
7,llama-3.1-8b/contexto_oraculo/semi_open@2026-10-01 19:49:40,modelo=llama-3.1-8b contexto=contexto_oraculo,validos,30.0,data/processed/bench_generacion.csv
7,llama-3.1-8b/contexto_oraculo/semi_open@2026-10-01 19:49:40,modelo=llama-3.1-8b contexto=contexto_oraculo,abstenciones,7.0,data/processed/bench_generacion.csv
7,llama-3.1-8b/contexto_oraculo/open_ended@2026-10-01 19:51:24,modelo=llama-3.1-8b contexto=contexto_oraculo,n,5.0,data/processed/bench_generacion.csv
7,llama-3.1-8b/contexto_oraculo/open_ended@2026-10-01 19:51:24,modelo=llama-3.1-8b contexto=contexto_oraculo,segundos,104.3,data/processed/bench_generacion.csv
7,llama-3.1-8b/contexto_oraculo/open_ended@2026-10-01 19:51:24,modelo=llama-3.1-8b contexto=contexto_oraculo,s_por_pregunta,20.86,data/processed/bench_generacion.csv
7,llama-3.1-8b/contexto_oraculo/open_ended@2026-10-01 19:51:24,modelo=llama-3.1-8b contexto=contexto_oraculo,proyeccion_992_horas,5.75,data/processed/bench_generacion.csv
7,llama-3.1-8b/contexto_oraculo/open_ended@2026-10-01 19:51:24,modelo=llama-3.1-8b contexto=contexto_oraculo,validos,5.0,data/processed/bench_generacion.csv
7,llama-3.1-8b/contexto_oraculo/open_ended@2026-10-01 19:51:24,modelo=llama-3.1-8b contexto=contexto_oraculo,abstenciones,1.0,data/processed/bench_generacion.csv
7,salamandra-7b/contexto_oraculo/multiple_choice@2026-10-01 20:11:13,modelo=salamandra-7b contexto=contexto_oraculo,n,15.0,data/processed/bench_generacion.csv
7,salamandra-7b/contexto_oraculo/multiple_choice@2026-10-01 20:11:13,modelo=salamandra-7b contexto=contexto_oraculo,segundos,408.2,data/processed/bench_generacion.csv
7,salamandra-7b/contexto_oraculo/multiple_choice@2026-10-01 20:11:13,modelo=salamandra-7b contexto=contexto_oraculo,s_por_pregunta,27.21,data/processed/bench_generacion.csv
7,salamandra-7b/contexto_oraculo/multiple_choice@2026-10-01 20:11:13,modelo=salamandra-7b contexto=contexto_oraculo,proyeccion_992_horas,7.5,data/processed/bench_generacion.csv
7,salamandra-7b/contexto_oraculo/multiple_choice@2026-10-01 20:11:13,modelo=salamandra-7b contexto=contexto_oraculo,validos,15.0,data/processed/bench_generacion.csv
7,salamandra-7b/contexto_oraculo/multiple_choice@2026-10-01 20:11:13,modelo=salamandra-7b contexto=contexto_oraculo,abstenciones,6.0,data/processed/bench_generacion.csv
7,salamandra-7b/contexto_oraculo/multiple_choice@2026-10-01 20:11:13,modelo=salamandra-7b contexto=contexto_oraculo,exactitud_cerradas,0.467,data/processed/bench_generacion.csv
7,salamandra-7b/contexto_oraculo/semi_open@2026-10-01 20:25:07,modelo=salamandra-7b contexto=contexto_oraculo,n,30.0,data/processed/bench_generacion.csv
7,salamandra-7b/contexto_oraculo/semi_open@2026-10-01 20:25:07,modelo=salamandra-7b contexto=contexto_oraculo,segundos,833.6,data/processed/bench_generacion.csv
7,salamandra-7b/contexto_oraculo/semi_open@2026-10-01 20:25:07,modelo=salamandra-7b contexto=contexto_oraculo,s_por_pregunta,27.79,data/processed/bench_generacion.csv
7,salamandra-7b/contexto_oraculo/semi_open@2026-10-01 20:25:07,modelo=salamandra-7b contexto=contexto_oraculo,proyeccion_992_horas,7.66,data/processed/bench_generacion.csv
7,salamandra-7b/contexto_oraculo/semi_open@2026-10-01 20:25:07,modelo=salamandra-7b contexto=contexto_oraculo,validos,30.0,data/processed/bench_generacion.csv
7,salamandra-7b/contexto_oraculo/semi_open@2026-10-01 20:25:07,modelo=salamandra-7b contexto=contexto_oraculo,abstenciones,13.0,data/processed/bench_generacion.csv
7,salamandra-7b/contexto_oraculo/open_ended@2026-10-01 20:28:56,modelo=salamandra-7b contexto=contexto_oraculo,n,5.0,data/processed/bench_generacion.csv
7,salamandra-7b/contexto_oraculo/open_ended@2026-10-01 20:28:56,modelo=salamandra-7b contexto=contexto_oraculo,segundos,229.2,data/processed/bench_generacion.csv
7,salamandra-7b/contexto_oraculo/open_ended@2026-10-01 20:28:56,modelo=salamandra-7b contexto=contexto_oraculo,s_por_pregunta,45.83,data/processed/bench_generacion.csv
7,salamandra-7b/contexto_oraculo/open_ended@2026-10-01 20:28:56,modelo=salamandra-7b contexto=contexto_oraculo,proyeccion_992_horas,12.63,data/processed/bench_generacion.csv
7,salamandra-7b/contexto_oraculo/open_ended@2026-10-01 20:28:56,modelo=salamandra-7b contexto=contexto_oraculo,validos,5.0,data/processed/bench_generacion.csv
7,salamandra-7b/contexto_oraculo/open_ended@2026-10-01 20:28:56,modelo=salamandra-7b contexto=contexto_oraculo,abstenciones,2.0,data/processed/bench_generacion.csv
7,llama-3.1-8b/contexto_oraculo/multiple_choice@2026-10-01 22:25:50,modelo=llama-3.1-8b contexto=contexto_oraculo,n,15.0,data/processed/bench_generacion.csv
7,llama-3.1-8b/contexto_oraculo/multiple_choice@2026-10-01 22:25:50,modelo=llama-3.1-8b contexto=contexto_oraculo,segundos,151.1,data/processed/bench_generacion.csv
7,llama-3.1-8b/contexto_oraculo/multiple_choice@2026-10-01 22:25:50,modelo=llama-3.1-8b contexto=contexto_oraculo,s_por_pregunta,10.07,data/processed/bench_generacion.csv
7,llama-3.1-8b/contexto_oraculo/multiple_choice@2026-10-01 22:25:50,modelo=llama-3.1-8b contexto=contexto_oraculo,proyeccion_992_horas,2.77,data/processed/bench_generacion.csv
7,llama-3.1-8b/contexto_oraculo/multiple_choice@2026-10-01 22:25:50,modelo=llama-3.1-8b contexto=contexto_oraculo,validos,15.0,data/processed/bench_generacion.csv
7,llama-3.1-8b/contexto_oraculo/multiple_choice@2026-10-01 22:25:50,modelo=llama-3.1-8b contexto=contexto_oraculo,abstenciones,4.0,data/processed/bench_generacion.csv
7,llama-3.1-8b/contexto_oraculo/multiple_choice@2026-10-01 22:25:50,modelo=llama-3.1-8b contexto=contexto_oraculo,exactitud_cerradas,0.533,data/processed/bench_generacion.csv
7,llama-3.1-8b/contexto_oraculo/semi_open@2026-10-01 22:28:52,modelo=llama-3.1-8b contexto=contexto_oraculo,n,30.0,data/processed/bench_generacion.csv
7,llama-3.1-8b/contexto_oraculo/semi_open@2026-10-01 22:28:52,modelo=llama-3.1-8b contexto=contexto_oraculo,segundos,182.2,data/processed/bench_generacion.csv
7,llama-3.1-8b/contexto_oraculo/semi_open@2026-10-01 22:28:52,modelo=llama-3.1-8b contexto=contexto_oraculo,s_por_pregunta,6.07,data/processed/bench_generacion.csv
7,llama-3.1-8b/contexto_oraculo/semi_open@2026-10-01 22:28:52,modelo=llama-3.1-8b contexto=contexto_oraculo,proyeccion_992_horas,1.67,data/processed/bench_generacion.csv
7,llama-3.1-8b/contexto_oraculo/semi_open@2026-10-01 22:28:52,modelo=llama-3.1-8b contexto=contexto_oraculo,validos,30.0,data/processed/bench_generacion.csv
7,llama-3.1-8b/contexto_oraculo/semi_open@2026-10-01 22:28:52,modelo=llama-3.1-8b contexto=contexto_oraculo,abstenciones,7.0,data/processed/bench_generacion.csv
7,llama-3.1-8b/contexto_oraculo/open_ended@2026-10-01 22:30:09,modelo=llama-3.1-8b contexto=contexto_oraculo,n,5.0,data/processed/bench_generacion.csv
7,llama-3.1-8b/contexto_oraculo/open_ended@2026-10-01 22:30:09,modelo=llama-3.1-8b contexto=contexto_oraculo,segundos,77.6,data/processed/bench_generacion.csv
7,llama-3.1-8b/contexto_oraculo/open_ended@2026-10-01 22:30:09,modelo=llama-3.1-8b contexto=contexto_oraculo,s_por_pregunta,15.52,data/processed/bench_generacion.csv
7,llama-3.1-8b/contexto_oraculo/open_ended@2026-10-01 22:30:09,modelo=llama-3.1-8b contexto=contexto_oraculo,proyeccion_992_horas,4.28,data/processed/bench_generacion.csv
7,llama-3.1-8b/contexto_oraculo/open_ended@2026-10-01 22:30:09,modelo=llama-3.1-8b contexto=contexto_oraculo,validos,5.0,data/processed/bench_generacion.csv
7,llama-3.1-8b/contexto_oraculo/open_ended@2026-10-01 22:30:09,modelo=llama-3.1-8b contexto=contexto_oraculo,abstenciones,1.0,data/processed/bench_generacion.csv
7,llama-3.1-8b/contexto_oraculo/multiple_choice@2026-10-01 22:37:35,modelo=llama-3.1-8b contexto=contexto_oraculo,n,15.0,data/processed/bench_generacion.csv
7,llama-3.1-8b/contexto_oraculo/multiple_choice@2026-10-01 22:37:35,modelo=llama-3.1-8b contexto=contexto_oraculo,segundos,149.0,data/processed/bench_generacion.csv
7,llama-3.1-8b/contexto_oraculo/multiple_choice@2026-10-01 22:37:35,modelo=llama-3.1-8b contexto=contexto_oraculo,s_por_pregunta,9.94,data/processed/bench_generacion.csv
7,llama-3.1-8b/contexto_oraculo/multiple_choice@2026-10-01 22:37:35,modelo=llama-3.1-8b contexto=contexto_oraculo,proyeccion_992_horas,2.74,data/processed/bench_generacion.csv
7,llama-3.1-8b/contexto_oraculo/multiple_choice@2026-10-01 22:37:35,modelo=llama-3.1-8b contexto=contexto_oraculo,validos,15.0,data/processed/bench_generacion.csv
7,llama-3.1-8b/contexto_oraculo/multiple_choice@2026-10-01 22:37:35,modelo=llama-3.1-8b contexto=contexto_oraculo,abstenciones,4.0,data/processed/bench_generacion.csv
7,llama-3.1-8b/contexto_oraculo/multiple_choice@2026-10-01 22:37:35,modelo=llama-3.1-8b contexto=contexto_oraculo,exactitud_cerradas,0.533,data/processed/bench_generacion.csv
7,llama-3.1-8b/contexto_oraculo/semi_open@2026-10-01 22:40:47,modelo=llama-3.1-8b contexto=contexto_oraculo,n,30.0,data/processed/bench_generacion.csv
7,llama-3.1-8b/contexto_oraculo/semi_open@2026-10-01 22:40:47,modelo=llama-3.1-8b contexto=contexto_oraculo,segundos,191.3,data/processed/bench_generacion.csv
7,llama-3.1-8b/contexto_oraculo/semi_open@2026-10-01 22:40:47,modelo=llama-3.1-8b contexto=contexto_oraculo,s_por_pregunta,6.38,data/processed/bench_generacion.csv
7,llama-3.1-8b/contexto_oraculo/semi_open@2026-10-01 22:40:47,modelo=llama-3.1-8b contexto=contexto_oraculo,proyeccion_992_horas,1.76,data/processed/bench_generacion.csv
7,llama-3.1-8b/contexto_oraculo/semi_open@2026-10-01 22:40:47,modelo=llama-3.1-8b contexto=contexto_oraculo,validos,30.0,data/processed/bench_generacion.csv
7,llama-3.1-8b/contexto_oraculo/semi_open@2026-10-01 22:40:47,modelo=llama-3.1-8b contexto=contexto_oraculo,abstenciones,7.0,data/processed/bench_generacion.csv
7,llama-3.1-8b/contexto_oraculo/open_ended@2026-10-01 22:42:02,modelo=llama-3.1-8b contexto=contexto_oraculo,n,5.0,data/processed/bench_generacion.csv
7,llama-3.1-8b/contexto_oraculo/open_ended@2026-10-01 22:42:02,modelo=llama-3.1-8b contexto=contexto_oraculo,segundos,75.5,data/processed/bench_generacion.csv
7,llama-3.1-8b/contexto_oraculo/open_ended@2026-10-01 22:42:02,modelo=llama-3.1-8b contexto=contexto_oraculo,s_por_pregunta,15.09,data/processed/bench_generacion.csv
7,llama-3.1-8b/contexto_oraculo/open_ended@2026-10-01 22:42:02,modelo=llama-3.1-8b contexto=contexto_oraculo,proyeccion_992_horas,4.16,data/processed/bench_generacion.csv
7,llama-3.1-8b/contexto_oraculo/open_ended@2026-10-01 22:42:02,modelo=llama-3.1-8b contexto=contexto_oraculo,validos,5.0,data/processed/bench_generacion.csv
7,llama-3.1-8b/contexto_oraculo/open_ended@2026-10-01 22:42:02,modelo=llama-3.1-8b contexto=contexto_oraculo,abstenciones,1.0,data/processed/bench_generacion.csv
7,llama-3.1-8b/contexto_oraculo/multiple_choice@2026-10-01 22:49:55,modelo=llama-3.1-8b contexto=contexto_oraculo,n,15.0,data/processed/bench_generacion.csv
7,llama-3.1-8b/contexto_oraculo/multiple_choice@2026-10-01 22:49:55,modelo=llama-3.1-8b contexto=contexto_oraculo,segundos,159.7,data/processed/bench_generacion.csv
7,llama-3.1-8b/contexto_oraculo/multiple_choice@2026-10-01 22:49:55,modelo=llama-3.1-8b contexto=contexto_oraculo,s_por_pregunta,10.65,data/processed/bench_generacion.csv
7,llama-3.1-8b/contexto_oraculo/multiple_choice@2026-10-01 22:49:55,modelo=llama-3.1-8b contexto=contexto_oraculo,proyeccion_992_horas,2.93,data/processed/bench_generacion.csv
7,llama-3.1-8b/contexto_oraculo/multiple_choice@2026-10-01 22:49:55,modelo=llama-3.1-8b contexto=contexto_oraculo,validos,15.0,data/processed/bench_generacion.csv
7,llama-3.1-8b/contexto_oraculo/multiple_choice@2026-10-01 22:49:55,modelo=llama-3.1-8b contexto=contexto_oraculo,abstenciones,4.0,data/processed/bench_generacion.csv
7,llama-3.1-8b/contexto_oraculo/multiple_choice@2026-10-01 22:49:55,modelo=llama-3.1-8b contexto=contexto_oraculo,exactitud_cerradas,0.467,data/processed/bench_generacion.csv
7,llama-3.1-8b/contexto_oraculo/semi_open@2026-10-01 22:52:51,modelo=llama-3.1-8b contexto=contexto_oraculo,n,30.0,data/processed/bench_generacion.csv
7,llama-3.1-8b/contexto_oraculo/semi_open@2026-10-01 22:52:51,modelo=llama-3.1-8b contexto=contexto_oraculo,segundos,175.9,data/processed/bench_generacion.csv
7,llama-3.1-8b/contexto_oraculo/semi_open@2026-10-01 22:52:51,modelo=llama-3.1-8b contexto=contexto_oraculo,s_por_pregunta,5.86,data/processed/bench_generacion.csv
7,llama-3.1-8b/contexto_oraculo/semi_open@2026-10-01 22:52:51,modelo=llama-3.1-8b contexto=contexto_oraculo,proyeccion_992_horas,1.62,data/processed/bench_generacion.csv
7,llama-3.1-8b/contexto_oraculo/semi_open@2026-10-01 22:52:51,modelo=llama-3.1-8b contexto=contexto_oraculo,validos,30.0,data/processed/bench_generacion.csv
7,llama-3.1-8b/contexto_oraculo/semi_open@2026-10-01 22:52:51,modelo=llama-3.1-8b contexto=contexto_oraculo,abstenciones,7.0,data/processed/bench_generacion.csv
7,llama-3.1-8b/contexto_oraculo/open_ended@2026-10-01 22:54:13,modelo=llama-3.1-8b contexto=contexto_oraculo,n,5.0,data/processed/bench_generacion.csv
7,llama-3.1-8b/contexto_oraculo/open_ended@2026-10-01 22:54:13,modelo=llama-3.1-8b contexto=contexto_oraculo,segundos,82.5,data/processed/bench_generacion.csv
7,llama-3.1-8b/contexto_oraculo/open_ended@2026-10-01 22:54:13,modelo=llama-3.1-8b contexto=contexto_oraculo,s_por_pregunta,16.49,data/processed/bench_generacion.csv
7,llama-3.1-8b/contexto_oraculo/open_ended@2026-10-01 22:54:13,modelo=llama-3.1-8b contexto=contexto_oraculo,proyeccion_992_horas,4.54,data/processed/bench_generacion.csv
7,llama-3.1-8b/contexto_oraculo/open_ended@2026-10-01 22:54:13,modelo=llama-3.1-8b contexto=contexto_oraculo,validos,5.0,data/processed/bench_generacion.csv
7,llama-3.1-8b/contexto_oraculo/open_ended@2026-10-01 22:54:13,modelo=llama-3.1-8b contexto=contexto_oraculo,abstenciones,1.0,data/processed/bench_generacion.csv
7,llama-3.1-8b/contexto_oraculo/multiple_choice@2026-10-01 22:58:06,modelo=llama-3.1-8b contexto=contexto_oraculo,n,15.0,data/processed/bench_generacion.csv
7,llama-3.1-8b/contexto_oraculo/multiple_choice@2026-10-01 22:58:06,modelo=llama-3.1-8b contexto=contexto_oraculo,segundos,156.9,data/processed/bench_generacion.csv
7,llama-3.1-8b/contexto_oraculo/multiple_choice@2026-10-01 22:58:06,modelo=llama-3.1-8b contexto=contexto_oraculo,s_por_pregunta,10.46,data/processed/bench_generacion.csv
7,llama-3.1-8b/contexto_oraculo/multiple_choice@2026-10-01 22:58:06,modelo=llama-3.1-8b contexto=contexto_oraculo,proyeccion_992_horas,2.88,data/processed/bench_generacion.csv
7,llama-3.1-8b/contexto_oraculo/multiple_choice@2026-10-01 22:58:06,modelo=llama-3.1-8b contexto=contexto_oraculo,validos,15.0,data/processed/bench_generacion.csv
7,llama-3.1-8b/contexto_oraculo/multiple_choice@2026-10-01 22:58:06,modelo=llama-3.1-8b contexto=contexto_oraculo,abstenciones,4.0,data/processed/bench_generacion.csv
7,llama-3.1-8b/contexto_oraculo/multiple_choice@2026-10-01 22:58:06,modelo=llama-3.1-8b contexto=contexto_oraculo,exactitud_cerradas,0.467,data/processed/bench_generacion.csv
7,llama-3.1-8b/contexto_oraculo/semi_open@2026-10-01 23:02:00,modelo=llama-3.1-8b contexto=contexto_oraculo,n,30.0,data/processed/bench_generacion.csv
7,llama-3.1-8b/contexto_oraculo/semi_open@2026-10-01 23:02:00,modelo=llama-3.1-8b contexto=contexto_oraculo,segundos,234.7,data/processed/bench_generacion.csv
7,llama-3.1-8b/contexto_oraculo/semi_open@2026-10-01 23:02:00,modelo=llama-3.1-8b contexto=contexto_oraculo,s_por_pregunta,7.82,data/processed/bench_generacion.csv
7,llama-3.1-8b/contexto_oraculo/semi_open@2026-10-01 23:02:00,modelo=llama-3.1-8b contexto=contexto_oraculo,proyeccion_992_horas,2.16,data/processed/bench_generacion.csv
7,llama-3.1-8b/contexto_oraculo/semi_open@2026-10-01 23:02:00,modelo=llama-3.1-8b contexto=contexto_oraculo,validos,30.0,data/processed/bench_generacion.csv
7,llama-3.1-8b/contexto_oraculo/semi_open@2026-10-01 23:02:00,modelo=llama-3.1-8b contexto=contexto_oraculo,abstenciones,7.0,data/processed/bench_generacion.csv
7,llama-3.1-8b/contexto_oraculo/open_ended@2026-10-01 23:03:27,modelo=llama-3.1-8b contexto=contexto_oraculo,n,5.0,data/processed/bench_generacion.csv
7,llama-3.1-8b/contexto_oraculo/open_ended@2026-10-01 23:03:27,modelo=llama-3.1-8b contexto=contexto_oraculo,segundos,86.7,data/processed/bench_generacion.csv
7,llama-3.1-8b/contexto_oraculo/open_ended@2026-10-01 23:03:27,modelo=llama-3.1-8b contexto=contexto_oraculo,s_por_pregunta,17.35,data/processed/bench_generacion.csv
7,llama-3.1-8b/contexto_oraculo/open_ended@2026-10-01 23:03:27,modelo=llama-3.1-8b contexto=contexto_oraculo,proyeccion_992_horas,4.78,data/processed/bench_generacion.csv
7,llama-3.1-8b/contexto_oraculo/open_ended@2026-10-01 23:03:27,modelo=llama-3.1-8b contexto=contexto_oraculo,validos,5.0,data/processed/bench_generacion.csv
7,llama-3.1-8b/contexto_oraculo/open_ended@2026-10-01 23:03:27,modelo=llama-3.1-8b contexto=contexto_oraculo,abstenciones,1.0,data/processed/bench_generacion.csv
7,llama-3.1-8b/contexto_recuperacion/multiple_choice@2026-10-01 23:35:21,modelo=llama-3.1-8b contexto=contexto_recuperacion,n,15.0,data/processed/bench_generacion.csv
7,llama-3.1-8b/contexto_recuperacion/multiple_choice@2026-10-01 23:35:21,modelo=llama-3.1-8b contexto=contexto_recuperacion,segundos,217.7,data/processed/bench_generacion.csv
7,llama-3.1-8b/contexto_recuperacion/multiple_choice@2026-10-01 23:35:21,modelo=llama-3.1-8b contexto=contexto_recuperacion,s_por_pregunta,14.52,data/processed/bench_generacion.csv
7,llama-3.1-8b/contexto_recuperacion/multiple_choice@2026-10-01 23:35:21,modelo=llama-3.1-8b contexto=contexto_recuperacion,proyeccion_992_horas,4.0,data/processed/bench_generacion.csv
7,llama-3.1-8b/contexto_recuperacion/multiple_choice@2026-10-01 23:35:21,modelo=llama-3.1-8b contexto=contexto_recuperacion,validos,15.0,data/processed/bench_generacion.csv
7,llama-3.1-8b/contexto_recuperacion/multiple_choice@2026-10-01 23:35:21,modelo=llama-3.1-8b contexto=contexto_recuperacion,abstenciones,0.0,data/processed/bench_generacion.csv
7,llama-3.1-8b/contexto_recuperacion/multiple_choice@2026-10-01 23:35:21,modelo=llama-3.1-8b contexto=contexto_recuperacion,exactitud_cerradas,0.6,data/processed/bench_generacion.csv
7,llama-3.1-8b/contexto_recuperacion/semi_open@2026-10-01 23:40:27,modelo=llama-3.1-8b contexto=contexto_recuperacion,n,30.0,data/processed/bench_generacion.csv
7,llama-3.1-8b/contexto_recuperacion/semi_open@2026-10-01 23:40:27,modelo=llama-3.1-8b contexto=contexto_recuperacion,segundos,305.6,data/processed/bench_generacion.csv
7,llama-3.1-8b/contexto_recuperacion/semi_open@2026-10-01 23:40:27,modelo=llama-3.1-8b contexto=contexto_recuperacion,s_por_pregunta,10.19,data/processed/bench_generacion.csv
7,llama-3.1-8b/contexto_recuperacion/semi_open@2026-10-01 23:40:27,modelo=llama-3.1-8b contexto=contexto_recuperacion,proyeccion_992_horas,2.81,data/processed/bench_generacion.csv
7,llama-3.1-8b/contexto_recuperacion/semi_open@2026-10-01 23:40:27,modelo=llama-3.1-8b contexto=contexto_recuperacion,validos,30.0,data/processed/bench_generacion.csv
7,llama-3.1-8b/contexto_recuperacion/semi_open@2026-10-01 23:40:27,modelo=llama-3.1-8b contexto=contexto_recuperacion,abstenciones,0.0,data/processed/bench_generacion.csv
7,llama-3.1-8b/contexto_recuperacion/open_ended@2026-10-01 23:42:47,modelo=llama-3.1-8b contexto=contexto_recuperacion,n,5.0,data/processed/bench_generacion.csv
7,llama-3.1-8b/contexto_recuperacion/open_ended@2026-10-01 23:42:47,modelo=llama-3.1-8b contexto=contexto_recuperacion,segundos,140.3,data/processed/bench_generacion.csv
7,llama-3.1-8b/contexto_recuperacion/open_ended@2026-10-01 23:42:47,modelo=llama-3.1-8b contexto=contexto_recuperacion,s_por_pregunta,28.06,data/processed/bench_generacion.csv
7,llama-3.1-8b/contexto_recuperacion/open_ended@2026-10-01 23:42:47,modelo=llama-3.1-8b contexto=contexto_recuperacion,proyeccion_992_horas,7.73,data/processed/bench_generacion.csv
7,llama-3.1-8b/contexto_recuperacion/open_ended@2026-10-01 23:42:47,modelo=llama-3.1-8b contexto=contexto_recuperacion,validos,5.0,data/processed/bench_generacion.csv
7,llama-3.1-8b/contexto_recuperacion/open_ended@2026-10-01 23:42:47,modelo=llama-3.1-8b contexto=contexto_recuperacion,abstenciones,0.0,data/processed/bench_generacion.csv
7,qwen3-8b/contexto_recuperacion/multiple_choice@2026-10-02 09:48:15,modelo=qwen3-8b contexto=contexto_recuperacion,n,15.0,data/processed/bench_generacion.csv
7,qwen3-8b/contexto_recuperacion/multiple_choice@2026-10-02 09:48:15,modelo=qwen3-8b contexto=contexto_recuperacion,segundos,220.0,data/processed/bench_generacion.csv
7,qwen3-8b/contexto_recuperacion/multiple_choice@2026-10-02 09:48:15,modelo=qwen3-8b contexto=contexto_recuperacion,s_por_pregunta,14.67,data/processed/bench_generacion.csv
7,qwen3-8b/contexto_recuperacion/multiple_choice@2026-10-02 09:48:15,modelo=qwen3-8b contexto=contexto_recuperacion,proyeccion_992_horas,4.04,data/processed/bench_generacion.csv
7,qwen3-8b/contexto_recuperacion/multiple_choice@2026-10-02 09:48:15,modelo=qwen3-8b contexto=contexto_recuperacion,validos,15.0,data/processed/bench_generacion.csv
7,qwen3-8b/contexto_recuperacion/multiple_choice@2026-10-02 09:48:15,modelo=qwen3-8b contexto=contexto_recuperacion,abstenciones,0.0,data/processed/bench_generacion.csv
7,qwen3-8b/contexto_recuperacion/multiple_choice@2026-10-02 09:48:15,modelo=qwen3-8b contexto=contexto_recuperacion,exactitud_cerradas,0.667,data/processed/bench_generacion.csv
7,qwen3-8b/contexto_recuperacion/semi_open@2026-10-02 09:53:22,modelo=qwen3-8b contexto=contexto_recuperacion,n,30.0,data/processed/bench_generacion.csv
7,qwen3-8b/contexto_recuperacion/semi_open@2026-10-02 09:53:22,modelo=qwen3-8b contexto=contexto_recuperacion,segundos,306.5,data/processed/bench_generacion.csv
7,qwen3-8b/contexto_recuperacion/semi_open@2026-10-02 09:53:22,modelo=qwen3-8b contexto=contexto_recuperacion,s_por_pregunta,10.22,data/processed/bench_generacion.csv
7,qwen3-8b/contexto_recuperacion/semi_open@2026-10-02 09:53:22,modelo=qwen3-8b contexto=contexto_recuperacion,proyeccion_992_horas,2.82,data/processed/bench_generacion.csv
7,qwen3-8b/contexto_recuperacion/semi_open@2026-10-02 09:53:22,modelo=qwen3-8b contexto=contexto_recuperacion,validos,30.0,data/processed/bench_generacion.csv
7,qwen3-8b/contexto_recuperacion/semi_open@2026-10-02 09:53:22,modelo=qwen3-8b contexto=contexto_recuperacion,abstenciones,0.0,data/processed/bench_generacion.csv
7,qwen3-8b/contexto_recuperacion/open_ended@2026-10-02 09:56:21,modelo=qwen3-8b contexto=contexto_recuperacion,n,5.0,data/processed/bench_generacion.csv
7,qwen3-8b/contexto_recuperacion/open_ended@2026-10-02 09:56:21,modelo=qwen3-8b contexto=contexto_recuperacion,segundos,179.3,data/processed/bench_generacion.csv
7,qwen3-8b/contexto_recuperacion/open_ended@2026-10-02 09:56:21,modelo=qwen3-8b contexto=contexto_recuperacion,s_por_pregunta,35.86,data/processed/bench_generacion.csv
7,qwen3-8b/contexto_recuperacion/open_ended@2026-10-02 09:56:21,modelo=qwen3-8b contexto=contexto_recuperacion,proyeccion_992_horas,9.88,data/processed/bench_generacion.csv
7,qwen3-8b/contexto_recuperacion/open_ended@2026-10-02 09:56:21,modelo=qwen3-8b contexto=contexto_recuperacion,validos,5.0,data/processed/bench_generacion.csv
7,qwen3-8b/contexto_recuperacion/open_ended@2026-10-02 09:56:21,modelo=qwen3-8b contexto=contexto_recuperacion,abstenciones,1.0,data/processed/bench_generacion.csv
7,llama-3.1-8b/contexto_recuperacion/multiple_choice@2026-10-02 10:02:45,modelo=llama-3.1-8b contexto=contexto_recuperacion,n,15.0,data/processed/bench_generacion.csv
7,llama-3.1-8b/contexto_recuperacion/multiple_choice@2026-10-02 10:02:45,modelo=llama-3.1-8b contexto=contexto_recuperacion,segundos,222.2,data/processed/bench_generacion.csv
7,llama-3.1-8b/contexto_recuperacion/multiple_choice@2026-10-02 10:02:45,modelo=llama-3.1-8b contexto=contexto_recuperacion,s_por_pregunta,14.81,data/processed/bench_generacion.csv
7,llama-3.1-8b/contexto_recuperacion/multiple_choice@2026-10-02 10:02:45,modelo=llama-3.1-8b contexto=contexto_recuperacion,proyeccion_992_horas,4.08,data/processed/bench_generacion.csv
7,llama-3.1-8b/contexto_recuperacion/multiple_choice@2026-10-02 10:02:45,modelo=llama-3.1-8b contexto=contexto_recuperacion,validos,15.0,data/processed/bench_generacion.csv
7,llama-3.1-8b/contexto_recuperacion/multiple_choice@2026-10-02 10:02:45,modelo=llama-3.1-8b contexto=contexto_recuperacion,abstenciones,0.0,data/processed/bench_generacion.csv
7,llama-3.1-8b/contexto_recuperacion/multiple_choice@2026-10-02 10:02:45,modelo=llama-3.1-8b contexto=contexto_recuperacion,exactitud_cerradas,0.6,data/processed/bench_generacion.csv
7,llama-3.1-8b/contexto_recuperacion/semi_open@2026-10-02 10:07:58,modelo=llama-3.1-8b contexto=contexto_recuperacion,n,30.0,data/processed/bench_generacion.csv
7,llama-3.1-8b/contexto_recuperacion/semi_open@2026-10-02 10:07:58,modelo=llama-3.1-8b contexto=contexto_recuperacion,segundos,313.0,data/processed/bench_generacion.csv
7,llama-3.1-8b/contexto_recuperacion/semi_open@2026-10-02 10:07:58,modelo=llama-3.1-8b contexto=contexto_recuperacion,s_por_pregunta,10.43,data/processed/bench_generacion.csv
7,llama-3.1-8b/contexto_recuperacion/semi_open@2026-10-02 10:07:58,modelo=llama-3.1-8b contexto=contexto_recuperacion,proyeccion_992_horas,2.88,data/processed/bench_generacion.csv
7,llama-3.1-8b/contexto_recuperacion/semi_open@2026-10-02 10:07:58,modelo=llama-3.1-8b contexto=contexto_recuperacion,validos,30.0,data/processed/bench_generacion.csv
7,llama-3.1-8b/contexto_recuperacion/semi_open@2026-10-02 10:07:58,modelo=llama-3.1-8b contexto=contexto_recuperacion,abstenciones,0.0,data/processed/bench_generacion.csv
7,llama-3.1-8b/contexto_recuperacion/open_ended@2026-10-02 10:10:12,modelo=llama-3.1-8b contexto=contexto_recuperacion,n,5.0,data/processed/bench_generacion.csv
7,llama-3.1-8b/contexto_recuperacion/open_ended@2026-10-02 10:10:12,modelo=llama-3.1-8b contexto=contexto_recuperacion,segundos,133.5,data/processed/bench_generacion.csv
7,llama-3.1-8b/contexto_recuperacion/open_ended@2026-10-02 10:10:12,modelo=llama-3.1-8b contexto=contexto_recuperacion,s_por_pregunta,26.7,data/processed/bench_generacion.csv
7,llama-3.1-8b/contexto_recuperacion/open_ended@2026-10-02 10:10:12,modelo=llama-3.1-8b contexto=contexto_recuperacion,proyeccion_992_horas,7.36,data/processed/bench_generacion.csv
7,llama-3.1-8b/contexto_recuperacion/open_ended@2026-10-02 10:10:12,modelo=llama-3.1-8b contexto=contexto_recuperacion,validos,5.0,data/processed/bench_generacion.csv
7,llama-3.1-8b/contexto_recuperacion/open_ended@2026-10-02 10:10:12,modelo=llama-3.1-8b contexto=contexto_recuperacion,abstenciones,0.0,data/processed/bench_generacion.csv
7,ragas_llama-3.1-8b,split=sample equipo=llama-3.1-8b,cerradas_accuracy,0.6,data/processed/ragas_llama-3.1-8b.json
7,ragas_llama-3.1-8b,split=sample equipo=llama-3.1-8b,citas_indice,0.6735,data/processed/ragas_llama-3.1-8b.json
7,ragas_llama-3.1-8b,split=sample equipo=llama-3.1-8b,citas_incorrectas,43,data/processed/ragas_llama-3.1-8b.json
7,ragas_llama-3.1-8b,split=sample equipo=llama-3.1-8b,tasa_sin_respaldo,0.0,data/processed/ragas_llama-3.1-8b.json
7,ragas_llama-3.1-8b,split=sample equipo=llama-3.1-8b,abstencion_calibracion,0.7209,data/processed/ragas_llama-3.1-8b.json
7,ragas_llama-3.1-8b,split=sample equipo=llama-3.1-8b,ragas_correctness,0.484,data/processed/ragas_llama-3.1-8b.json
7,ragas_llama-3.1-8b,split=sample equipo=llama-3.1-8b,ragas_fallidos,0,data/processed/ragas_llama-3.1-8b.json
7,ragas_llama-3.1-8b,split=sample equipo=llama-3.1-8b,total_automatico,47.2,data/processed/ragas_llama-3.1-8b.json
7,ragas_qwen3-8b,split=sample equipo=qwen3-8b,cerradas_accuracy,0.6666666666666666,data/processed/ragas_qwen3-8b.json
7,ragas_qwen3-8b,split=sample equipo=qwen3-8b,citas_indice,0.7959,data/processed/ragas_qwen3-8b.json
7,ragas_qwen3-8b,split=sample equipo=qwen3-8b,citas_incorrectas,36,data/processed/ragas_qwen3-8b.json
7,ragas_qwen3-8b,split=sample equipo=qwen3-8b,tasa_sin_respaldo,0.0,data/processed/ragas_qwen3-8b.json
7,ragas_qwen3-8b,split=sample equipo=qwen3-8b,abstencion_calibracion,0.8256,data/processed/ragas_qwen3-8b.json
7,ragas_qwen3-8b,split=sample equipo=qwen3-8b,ragas_correctness,0.4574,data/processed/ragas_qwen3-8b.json
7,ragas_qwen3-8b,split=sample equipo=qwen3-8b,ragas_fallidos,0,data/processed/ragas_qwen3-8b.json
7,ragas_qwen3-8b,split=sample equipo=qwen3-8b,total_automatico,51.23,data/processed/ragas_qwen3-8b.json
8,eval_qwen3-8b_antes,split=sample equipo=qwen3-8b,cerradas_accuracy,0.6666666666666666,data/processed/verificacion/eval_qwen3-8b_antes.json
8,eval_qwen3-8b_antes,split=sample equipo=qwen3-8b,citas_indice,0.7959,data/processed/verificacion/eval_qwen3-8b_antes.json
8,eval_qwen3-8b_antes,split=sample equipo=qwen3-8b,citas_incorrectas,36,data/processed/verificacion/eval_qwen3-8b_antes.json
8,eval_qwen3-8b_antes,split=sample equipo=qwen3-8b,tasa_sin_respaldo,0.0,data/processed/verificacion/eval_qwen3-8b_antes.json
8,eval_qwen3-8b_antes,split=sample equipo=qwen3-8b,abstencion_calibracion,0.8256,data/processed/verificacion/eval_qwen3-8b_antes.json
8,eval_qwen3-8b_antes,split=sample equipo=qwen3-8b,total_automatico,37.51,data/processed/verificacion/eval_qwen3-8b_antes.json
8,eval_qwen3-8b_despues,split=sample equipo=qwen3-8b,cerradas_accuracy,0.6666666666666666,data/processed/verificacion/eval_qwen3-8b_despues.json
8,eval_qwen3-8b_despues,split=sample equipo=qwen3-8b,citas_indice,0.7959,data/processed/verificacion/eval_qwen3-8b_despues.json
8,eval_qwen3-8b_despues,split=sample equipo=qwen3-8b,citas_incorrectas,36,data/processed/verificacion/eval_qwen3-8b_despues.json
8,eval_qwen3-8b_despues,split=sample equipo=qwen3-8b,tasa_sin_respaldo,0.0,data/processed/verificacion/eval_qwen3-8b_despues.json
8,eval_qwen3-8b_despues,split=sample equipo=qwen3-8b,abstencion_calibracion,0.8256,data/processed/verificacion/eval_qwen3-8b_despues.json
8,eval_qwen3-8b_despues,split=sample equipo=qwen3-8b,total_automatico,37.51,data/processed/verificacion/eval_qwen3-8b_despues.json
