url,veces_enlazada,n_documentos,enlazada_desde
http://www.corteconstitucional.gov.co/relatoria/2011/c-372-11.htm,6,1,sentencia_su-140_2019
http://www.corteconstitucional.gov.co/relatoria/2018/t-088-18.htm,6,1,sentencia_su-140_2019
http://www.corteconstitucional.gov.co/relatoria/2016/C-401-16.htm,3,1,sentencia_su-140_2019
http://www.corteconstitucional.gov.co/relatoria/1997/T-378-97.htm,2,1,sentencia_su-140_2019
http://www.corteconstitucional.gov.co/relatoria/2009/C-428-09.htm,2,1,sentencia_su-140_2019
http://www.corteconstitucional.gov.co/relatoria/2016/T-613-16.htm,2,1,sentencia_su-140_2019
http://www.corteconstitucional.gov.co/relatoria/2017/C-644-17.htm,2,1,sentencia_su-140_2019
https://www.funcionpublica.gov.co/eva/gestornormativo/norma.php?i=33104,2,1,sentencia_t-202_2024
https://www.corteconstitucional.gov.co/relatoria/2018/c-130-18.htm,2,1,sentencia_c-448_2020
http://www.corteconstitucional.gov.co/relatoria/1997/C-443-97.htm,1,1,sentencia_su-140_2019
https://normograma.dian.gov.co/dian/compilacion/docs/oficio_dian_3240_2024.htm,1,1,sentencia_c-317_2025
https://www.corteconstitucional.gov.co/relatoria/2019/C-189-19.htm,1,1,sentencia_c-448_2020
